sale_id,machine_id,model_id,sale_date,dealer_id,customer_id,warranty_months,sale_price_inr
S000001,MC00001,M02,2023-03-07,D040,C01601,12,18792402
S000002,MC00002,M01,2024-07-18,D031,C01486,12,13565924
S000003,MC00003,M03,2024-04-22,D001,C01169,12,15100866
S000004,MC00004,M04,2023-11-17,D016,C00613,12,21015031
S000005,MC00005,M01,2023-11-13,D012,C00702,12,13510574
S000006,MC00006,M02,2024-09-18,D024,C01865,12,16982504
S000007,MC00007,M06,2023-03-04,D011,C00175,12,40640391
S000008,MC00008,M01,2024-05-24,D039,C00212,24,13238141
S000009,MC00009,M03,2023-05-28,D012,C00992,12,16396940
S000010,MC00010,M04,2023-03-10,D021,C01937,24,21581301
S000011,MC00011,M01,2024-01-20,D005,C01643,12,13029132
S000012,MC00012,M01,2024-12-13,D037,C01475,12,13879784
S000013,MC00013,M01,2024-06-21,D037,C01336,12,13352516
S000014,MC00014,M05,2024-07-09,D032,C00277,12,28973798
S000015,MC00015,M01,2024-06-07,D015,C00830,12,13107391
S000016,MC00016,M01,2024-07-27,D003,C00199,12,14373981
S000017,MC00017,M01,2024-01-10,D029,C01896,12,12137737
S000018,MC00018,M01,2023-04-04,D018,C01878,12,13591280
S000019,MC00019,M03,2024-09-05,D040,C00646,12,17521851
S000020,MC00020,M01,2023-11-25,D028,C00733,24,12883904
S000021,MC00021,M03,2024-01-01,D022,C00794,24,16002063
S000022,MC00022,M03,2023-09-28,D040,C02224,12,14748144
S000023,MC00023,M05,2023-05-14,D033,C01222,24,38417185
S000024,MC00024,M01,2024-11-07,D019,C01906,12,13432501
S000025,MC00025,M05,2024-07-24,D001,C01123,12,35097916
S000026,MC00026,M03,2024-04-15,D004,C01746,12,17300128
S000027,MC00027,M01,2023-10-21,D018,C01321,12,14035797
S000028,MC00028,M04,2024-08-23,D023,C00697,12,19896708
S000029,MC00029,M05,2024-02-03,D002,C02191,24,33640716
S000030,MC00030,M01,2023-11-20,D006,C01773,12,13900894
S000031,MC00031,M05,2023-11-25,D029,C01924,24,33689346
S000032,MC00032,M03,2023-06-15,D031,C02371,24,13967446
S000033,MC00033,M03,2023-03-09,D002,C00622,12,15948889
S000034,MC00034,M06,2024-02-09,D021,C00229,12,38269864
S000035,MC00035,M02,2024-10-10,D004,C01456,24,20294073
S000036,MC00036,M05,2023-02-16,D029,C00816,24,35371254
S000037,MC00037,M02,2024-09-18,D034,C01090,12,17495256
S000038,MC00038,M04,2024-08-27,D035,C00587,12,20119723
S000039,MC00039,M03,2023-07-22,D024,C00997,12,14186178
S000040,MC00040,M01,2024-04-06,D026,C00984,12,12609436
S000041,MC00041,M02,2023-05-01,D038,C00877,12,19628119
S000042,MC00042,M02,2024-07-07,D025,C01856,12,20977283
S000043,MC00043,M01,2024-05-26,D018,C01482,12,14088381
S000044,MC00044,M01,2023-09-16,D031,C01186,12,13425446
S000045,MC00045,M02,2023-02-19,D024,C00282,12,18020525
S000046,MC00046,M01,2024-12-09,D034,C01427,12,12725238
S000047,MC00047,M01,2023-11-22,D021,C00438,12,15168410
S000048,MC00048,M04,2024-10-13,D035,C00786,12,20762177
S000049,MC00049,M04,2024-05-09,D002,C01038,12,23665694
S000050,MC00050,M04,2024-07-22,D002,C00354,12,22755835
S000051,MC00051,M02,2024-07-08,D004,C00974,12,16567716
S000052,MC00052,M05,2023-05-23,D023,C00668,12,33601500
S000053,MC00053,M03,2023-09-23,D029,C02125,12,15357717
S000054,MC00054,M01,2023-12-07,D009,C02150,12,13435324
S000055,MC00055,M01,2023-12-30,D007,C00012,12,13451145
S000056,MC00056,M04,2023-02-01,D035,C01507,12,24775261
S000057,MC00057,M01,2024-02-03,D031,C01602,12,12627445
S000058,MC00058,M03,2023-04-23,D026,C00945,24,16219811
S000059,MC00059,M06,2024-06-26,D020,C01173,12,43553600
S000060,MC00060,M01,2024-05-13,D017,C01975,12,13498727
S000061,MC00061,M01,2024-11-04,D001,C00945,12,13589246
S000062,MC00062,M06,2024-06-27,D008,C00162,12,39367082
S000063,MC00063,M03,2023-09-25,D036,C00932,12,16102227
S000064,MC00064,M01,2024-12-07,D014,C00635,12,13914233
S000065,MC00065,M05,2023-10-27,D029,C00957,12,35687961
S000066,MC00066,M05,2023-08-26,D029,C00576,12,36197422
S000067,MC00067,M03,2024-10-23,D013,C00375,12,17356104
S000068,MC00068,M03,2023-09-28,D009,C02464,12,16899488
S000069,MC00069,M02,2023-02-25,D028,C00323,24,18579137
S000070,MC00070,M01,2023-12-09,D004,C01766,12,12550876
S000071,MC00071,M03,2024-08-03,D020,C01794,12,15423995
S000072,MC00072,M02,2023-05-19,D036,C01545,12,18256209
S000073,MC00073,M04,2023-12-04,D029,C02279,12,21317956
S000074,MC00074,M05,2023-04-05,D031,C00013,12,33995501
S000075,MC00075,M01,2024-05-16,D004,C00755,12,12742056
S000076,MC00076,M03,2023-12-14,D008,C00461,12,14859329
S000077,MC00077,M01,2023-08-30,D012,C01443,12,12162546
S000078,MC00078,M05,2023-06-15,D012,C01589,24,34506604
S000079,MC00079,M01,2024-02-17,D008,C02245,12,12309571
S000080,MC00080,M03,2024-05-03,D039,C00950,12,15039495
S000081,MC00081,M03,2024-11-17,D007,C00590,12,15621854
S000082,MC00082,M02,2023-11-16,D029,C02311,12,17017132
S000083,MC00083,M04,2023-04-28,D024,C01683,12,21478488
S000084,MC00084,M04,2024-08-30,D025,C01912,12,21932681
S000085,MC00085,M03,2024-04-04,D009,C01113,12,15472550
S000086,MC00086,M04,2024-05-26,D013,C01119,12,20449346
S000087,MC00087,M06,2023-03-12,D025,C00973,12,43354323
S000088,MC00088,M02,2023-08-17,D012,C01874,12,17707465
S000089,MC00089,M03,2024-07-14,D028,C00527,12,15248575
S000090,MC00090,M01,2024-08-30,D002,C02439,12,14469164
S000091,MC00091,M04,2023-11-14,D003,C00440,12,22114077
S000092,MC00092,M03,2024-08-10,D030,C01153,12,16577488
S000093,MC00093,M02,2024-09-06,D025,C00787,12,19527466
S000094,MC00094,M01,2023-10-10,D002,C01607,24,11898404
S000095,MC00095,M05,2024-10-17,D036,C01702,12,37843055
S000096,MC00096,M02,2023-07-30,D001,C02297,12,18935189
S000097,MC00097,M04,2023-06-24,D039,C01974,12,22273585
S000098,MC00098,M01,2024-05-13,D030,C00622,12,13813601
S000099,MC00099,M06,2024-04-09,D040,C00517,12,42123291
S000100,MC00100,M01,2023-04-13,D038,C02217,12,13277000
S000101,MC00101,M01,2024-08-30,D013,C01220,12,13797387
S000102,MC00102,M05,2023-05-26,D031,C00244,12,34345329
S000103,MC00103,M05,2024-08-10,D009,C02063,12,36822540
S000104,MC00104,M01,2023-01-06,D019,C01622,12,12214970
S000105,MC00105,M03,2024-08-04,D010,C00064,12,15480087
S000106,MC00106,M04,2024-07-28,D020,C01958,24,23576477
S000107,MC00107,M05,2024-07-23,D035,C01519,12,33685231
S000108,MC00108,M02,2024-04-30,D018,C01537,12,18235061
S000109,MC00109,M03,2023-12-11,D004,C02163,12,15152722
S000110,MC00110,M04,2024-05-29,D013,C01239,12,21423166
S000111,MC00111,M04,2023-07-22,D032,C01154,12,20072306
S000112,MC00112,M04,2024-07-23,D021,C01544,12,20766130
S000113,MC00113,M03,2024-02-10,D023,C00495,12,16814912
S000114,MC00114,M01,2023-12-02,D018,C00380,24,12934002
S000115,MC00115,M05,2024-01-05,D012,C02110,12,36656083
S000116,MC00116,M05,2024-02-20,D024,C00539,12,36726682
S000117,MC00117,M04,2023-01-28,D026,C01261,12,22329245
S000118,MC00118,M01,2023-04-13,D036,C00675,12,13613838
S000119,MC00119,M01,2023-06-29,D025,C00577,12,16125420
S000120,MC00120,M04,2023-03-25,D040,C01495,12,22328712
S000121,MC00121,M01,2023-11-17,D034,C02006,12,13763151
S000122,MC00122,M06,2024-05-02,D004,C01105,12,39792670
S000123,MC00123,M02,2024-04-22,D016,C00347,12,18392264
S000124,MC00124,M04,2023-12-10,D016,C00612,24,22797172
S000125,MC00125,M05,2024-09-16,D001,C00412,12,38590023
S000126,MC00126,M02,2024-02-17,D008,C02208,12,20140945
S000127,MC00127,M02,2023-02-27,D031,C00799,24,19371563
S000128,MC00128,M03,2024-07-12,D015,C00935,12,14794566
S000129,MC00129,M03,2024-02-24,D006,C00178,12,16467675
S000130,MC00130,M02,2024-04-08,D012,C01116,12,17122043
S000131,MC00131,M03,2024-02-17,D011,C02285,24,14572028
S000132,MC00132,M06,2024-02-09,D007,C01025,12,42602680
S000133,MC00133,M03,2023-03-08,D005,C01629,12,16502271
S000134,MC00134,M01,2024-02-13,D031,C00455,24,14231735
S000135,MC00135,M02,2024-08-03,D033,C00358,12,19051821
S000136,MC00136,M02,2023-08-10,D020,C01830,24,19090060
S000137,MC00137,M01,2024-03-16,D025,C00165,24,12702431
S000138,MC00138,M01,2023-01-23,D037,C01122,24,13414969
S000139,MC00139,M04,2023-09-11,D034,C00792,12,19101033
S000140,MC00140,M02,2023-11-15,D002,C00041,12,16276260
S000141,MC00141,M06,2024-12-18,D039,C01329,12,43866420
S000142,MC00142,M01,2023-06-06,D003,C02411,12,12889969
S000143,MC00143,M01,2023-07-21,D002,C00173,12,14206724
S000144,MC00144,M04,2023-10-26,D017,C02040,24,22396518
S000145,MC00145,M05,2024-12-25,D030,C01348,12,33699434
S000146,MC00146,M02,2024-09-14,D004,C01809,12,19155245
S000147,MC00147,M01,2023-01-26,D012,C00242,12,12964463
S000148,MC00148,M01,2023-06-20,D011,C02173,12,12004838
S000149,MC00149,M03,2024-08-22,D016,C00029,12,16118377
S000150,MC00150,M03,2023-02-12,D040,C02268,12,15547961
S000151,MC00151,M01,2024-09-16,D014,C01645,24,13143528
S000152,MC00152,M01,2023-07-25,D009,C00844,12,15100028
S000153,MC00153,M03,2024-10-31,D005,C00018,12,14535177
S000154,MC00154,M06,2023-08-03,D008,C01528,12,42964835
S000155,MC00155,M04,2023-11-14,D006,C00219,12,19746543
S000156,MC00156,M03,2024-04-28,D023,C01523,24,16871931
S000157,MC00157,M01,2023-04-03,D017,C01933,24,13741729
S000158,MC00158,M01,2024-02-11,D020,C00669,12,13807269
S000159,MC00159,M02,2024-01-04,D034,C00597,24,17451173
S000160,MC00160,M04,2024-07-26,D024,C00555,12,20035359
S000161,MC00161,M05,2024-12-28,D007,C00563,12,36947226
S000162,MC00162,M05,2024-04-29,D016,C00285,24,38718675
S000163,MC00163,M06,2023-10-26,D013,C00625,12,43210376
S000164,MC00164,M06,2023-10-24,D034,C01649,12,39738500
S000165,MC00165,M06,2023-11-02,D013,C00757,12,42854125
S000166,MC00166,M01,2024-08-17,D006,C01953,12,15466252
S000167,MC00167,M01,2023-08-23,D030,C02049,12,13582962
S000168,MC00168,M02,2023-05-02,D018,C01903,12,20122643
S000169,MC00169,M03,2023-09-02,D004,C01349,12,15289284
S000170,MC00170,M01,2023-01-17,D028,C00791,12,13465910
S000171,MC00171,M05,2023-03-19,D009,C02325,24,36301087
S000172,MC00172,M03,2023-03-07,D035,C00514,12,16381435
S000173,MC00173,M03,2024-07-17,D034,C01162,24,15264267
S000174,MC00174,M01,2024-06-11,D015,C01135,12,12844291
S000175,MC00175,M01,2024-05-23,D023,C01864,12,14300510
S000176,MC00176,M01,2023-12-04,D023,C01368,12,14465156
S000177,MC00177,M05,2024-06-07,D027,C01999,24,38175501
S000178,MC00178,M03,2023-04-28,D003,C02298,12,17731773
S000179,MC00179,M04,2024-10-19,D013,C00977,24,21169620
S000180,MC00180,M02,2024-01-01,D007,C02188,12,18154569
S000181,MC00181,M02,2024-11-15,D028,C00425,12,19999600
S000182,MC00182,M02,2023-04-22,D003,C02291,12,19291507
S000183,MC00183,M04,2023-12-30,D021,C00445,12,19762106
S000184,MC00184,M04,2024-05-23,D030,C02126,12,19697619
S000185,MC00185,M01,2023-12-28,D038,C00976,12,13898463
S000186,MC00186,M06,2023-11-22,D012,C02412,12,41553268
S000187,MC00187,M01,2023-05-02,D001,C00323,12,13478592
S000188,MC00188,M05,2023-10-06,D029,C01164,12,37252320
S000189,MC00189,M01,2023-06-24,D001,C02255,12,14114820
S000190,MC00190,M02,2023-08-09,D003,C00119,12,19976159
S000191,MC00191,M05,2024-05-14,D040,C00663,12,30943774
S000192,MC00192,M01,2024-04-05,D035,C00209,12,13705252
S000193,MC00193,M02,2024-03-19,D029,C00804,12,19271104
S000194,MC00194,M03,2023-09-22,D034,C00976,12,14534478
S000195,MC00195,M01,2024-12-01,D004,C01548,24,12969535
S000196,MC00196,M04,2023-03-05,D004,C00645,12,19940989
S000197,MC00197,M05,2023-09-08,D013,C00397,12,35045566
S000198,MC00198,M05,2023-03-28,D001,C00425,24,38418493
S000199,MC00199,M02,2023-09-05,D036,C02347,12,20745074
S000200,MC00200,M03,2024-12-03,D003,C02384,12,15218284
S000201,MC00201,M01,2023-09-25,D022,C00554,24,13926511
S000202,MC00202,M01,2024-10-25,D035,C00489,24,13952626
S000203,MC00203,M01,2023-12-28,D030,C00136,12,13813977
S000204,MC00204,M06,2024-05-25,D010,C02399,12,43005429
S000205,MC00205,M05,2023-11-30,D019,C01766,12,35637859
S000206,MC00206,M04,2023-07-14,D022,C01903,24,23126338
S000207,MC00207,M03,2024-07-11,D031,C00727,24,17058368
S000208,MC00208,M03,2024-12-08,D018,C01603,12,14982252
S000209,MC00209,M03,2023-07-12,D012,C00150,12,16763892
S000210,MC00210,M03,2024-07-22,D032,C01691,12,16856678
S000211,MC00211,M02,2023-07-10,D036,C01450,12,18849614
S000212,MC00212,M01,2024-06-07,D020,C00829,12,14416454
S000213,MC00213,M01,2024-07-29,D002,C01777,12,13652340
S000214,MC00214,M06,2023-11-25,D021,C01617,12,42505179
S000215,MC00215,M03,2024-06-21,D036,C01098,12,16116391
S000216,MC00216,M06,2023-07-18,D040,C00467,12,36914025
S000217,MC00217,M01,2023-02-27,D017,C00059,12,13434877
S000218,MC00218,M03,2023-03-12,D007,C02345,12,15358479
S000219,MC00219,M01,2023-11-23,D023,C00704,12,12538977
S000220,MC00220,M01,2024-10-20,D034,C00755,24,14661555
S000221,MC00221,M01,2023-04-04,D038,C01703,12,13908408
S000222,MC00222,M01,2023-11-29,D003,C00638,12,13475837
S000223,MC00223,M05,2024-05-28,D012,C00940,12,33813913
S000224,MC00224,M02,2023-05-28,D020,C01778,12,18828748
S000225,MC00225,M03,2024-06-10,D004,C01489,12,16951779
S000226,MC00226,M03,2023-08-12,D036,C01642,12,15206113
S000227,MC00227,M02,2024-08-13,D005,C00012,12,18494641
S000228,MC00228,M03,2024-02-27,D027,C01129,12,16833344
S000229,MC00229,M01,2024-02-04,D037,C01189,12,11931839
S000230,MC00230,M06,2023-05-10,D028,C01582,12,41854924
S000231,MC00231,M05,2023-12-05,D031,C00379,12,34098488
S000232,MC00232,M04,2024-09-17,D011,C00399,12,20831374
S000233,MC00233,M03,2023-01-15,D034,C01907,12,15518437
S000234,MC00234,M01,2024-07-07,D017,C01684,12,13611476
S000235,MC00235,M06,2023-12-26,D003,C02028,12,46847541
S000236,MC00236,M02,2024-06-09,D015,C00677,12,18140446
S000237,MC00237,M01,2024-04-29,D014,C02495,12,13736286
S000238,MC00238,M02,2023-11-12,D021,C00683,24,20714169
S000239,MC00239,M04,2023-08-14,D011,C01628,24,20306980
S000240,MC00240,M03,2024-04-02,D019,C00406,24,17742088
S000241,MC00241,M04,2023-04-13,D018,C02297,12,21006707
S000242,MC00242,M04,2024-03-02,D014,C00831,12,23245189
S000243,MC00243,M01,2023-03-11,D028,C02007,12,14107663
S000244,MC00244,M06,2024-04-19,D013,C00829,12,42773913
S000245,MC00245,M02,2024-04-03,D031,C01978,12,18427150
S000246,MC00246,M03,2023-03-03,D011,C01136,12,15400920
S000247,MC00247,M01,2024-07-06,D035,C00157,12,13561391
S000248,MC00248,M06,2023-10-31,D015,C00477,12,44261351
S000249,MC00249,M02,2024-07-28,D002,C01709,12,18485446
S000250,MC00250,M01,2023-01-31,D006,C00483,12,13243536
S000251,MC00251,M03,2023-05-12,D033,C00689,12,15759249
S000252,MC00252,M01,2023-12-27,D035,C01355,24,14303906
S000253,MC00253,M01,2023-05-18,D009,C00633,12,14492381
S000254,MC00254,M03,2023-08-29,D025,C00323,12,15359536
S000255,MC00255,M02,2024-04-27,D023,C01561,12,17757867
S000256,MC00256,M06,2023-04-16,D006,C01723,12,42955984
S000257,MC00257,M02,2024-05-09,D019,C01833,12,20195561
S000258,MC00258,M04,2023-03-17,D028,C02360,12,22443948
S000259,MC00259,M03,2023-05-08,D039,C00312,12,14798222
S000260,MC00260,M04,2024-03-04,D034,C01067,12,20667264
S000261,MC00261,M03,2024-08-02,D004,C00585,12,15106621
S000262,MC00262,M03,2023-05-05,D010,C02253,24,15743188
S000263,MC00263,M06,2023-08-07,D018,C01350,12,46043113
S000264,MC00264,M02,2024-11-06,D007,C00246,12,16920913
S000265,MC00265,M01,2024-12-23,D023,C01731,12,12188719
S000266,MC00266,M04,2024-02-29,D001,C00108,12,19956022
S000267,MC00267,M05,2023-11-23,D005,C00686,12,35603352
S000268,MC00268,M01,2023-09-11,D002,C01804,12,14002811
S000269,MC00269,M03,2024-03-23,D012,C01266,12,16419950
S000270,MC00270,M05,2024-03-07,D031,C01903,12,37468939
S000271,MC00271,M04,2023-08-04,D008,C01428,12,18778512
S000272,MC00272,M06,2023-01-17,D040,C02108,12,44994608
S000273,MC00273,M03,2023-04-21,D011,C01407,24,15700388
S000274,MC00274,M04,2024-11-30,D002,C00143,12,21921683
S000275,MC00275,M02,2023-11-02,D014,C00179,24,17030998
S000276,MC00276,M06,2023-12-19,D030,C01943,12,42012491
S000277,MC00277,M02,2023-12-07,D005,C00097,12,18762261
S000278,MC00278,M04,2024-07-25,D003,C00942,12,22456246
S000279,MC00279,M02,2023-02-17,D034,C00041,24,16740367
S000280,MC00280,M03,2023-03-02,D024,C00759,12,16029522
S000281,MC00281,M04,2023-07-21,D014,C01488,12,19632604
S000282,MC00282,M03,2023-12-22,D031,C00433,12,16485276
S000283,MC00283,M05,2024-05-04,D034,C01166,12,36632155
S000284,MC00284,M02,2023-12-25,D015,C02491,12,19928759
S000285,MC00285,M04,2023-11-19,D023,C00177,12,20325863
S000286,MC00286,M02,2024-11-15,D001,C00160,12,19529221
S000287,MC00287,M02,2023-04-28,D013,C00679,24,20010601
S000288,MC00288,M03,2024-02-22,D024,C02068,12,14422483
S000289,MC00289,M01,2024-01-31,D008,C01015,24,13995999
S000290,MC00290,M01,2023-12-12,D040,C01599,12,14276394
S000291,MC00291,M04,2024-08-12,D039,C00085,12,20674005
S000292,MC00292,M04,2023-07-14,D011,C01838,12,19474425
S000293,MC00293,M04,2024-11-27,D016,C00169,24,22188124
S000294,MC00294,M01,2023-08-31,D008,C01780,12,12528398
S000295,MC00295,M02,2024-02-02,D021,C00370,12,18302030
S000296,MC00296,M01,2024-01-16,D005,C02147,12,13467500
S000297,MC00297,M04,2024-09-12,D016,C00741,12,21901578
S000298,MC00298,M05,2023-11-17,D023,C00460,12,33684074
S000299,MC00299,M01,2023-07-27,D025,C00842,12,12945487
S000300,MC00300,M04,2023-01-16,D024,C00003,24,21124634
S000301,MC00301,M01,2023-09-23,D009,C00413,12,14315176
S000302,MC00302,M02,2024-08-26,D032,C01497,12,21039070
S000303,MC00303,M01,2023-01-08,D028,C00752,12,12278940
S000304,MC00304,M02,2024-10-16,D031,C00885,24,18850030
S000305,MC00305,M04,2024-02-01,D019,C02019,24,19630966
S000306,MC00306,M05,2023-04-13,D036,C00310,12,37139504
S000307,MC00307,M01,2023-08-09,D016,C00990,24,12739779
S000308,MC00308,M03,2024-02-09,D033,C00466,12,15352338
S000309,MC00309,M04,2023-08-19,D009,C01208,24,20257519
S000310,MC00310,M06,2023-03-21,D010,C00830,24,41807979
S000311,MC00311,M03,2024-05-01,D022,C00116,12,16310270
S000312,MC00312,M01,2024-05-05,D023,C00176,12,13891798
S000313,MC00313,M03,2023-03-28,D030,C02131,12,15994463
S000314,MC00314,M02,2023-07-25,D012,C00143,12,17023821
S000315,MC00315,M06,2023-06-28,D035,C01957,12,43834021
S000316,MC00316,M02,2024-04-26,D014,C02291,12,18441216
S000317,MC00317,M04,2024-06-17,D022,C01165,12,22463786
S000318,MC00318,M01,2024-06-14,D038,C00781,24,12926732
S000319,MC00319,M02,2024-11-16,D022,C01941,12,16721475
S000320,MC00320,M05,2024-07-15,D028,C02456,12,34928545
S000321,MC00321,M03,2023-08-23,D037,C00302,12,17244115
S000322,MC00322,M03,2023-03-20,D039,C02411,12,16154504
S000323,MC00323,M06,2024-03-24,D020,C02360,12,41496832
S000324,MC00324,M05,2024-10-30,D017,C00357,12,33172271
S000325,MC00325,M02,2024-12-12,D008,C00137,12,20451121
S000326,MC00326,M03,2023-06-18,D022,C01788,12,15011582
S000327,MC00327,M03,2023-06-22,D037,C00195,12,15303622
S000328,MC00328,M03,2023-01-28,D020,C01503,12,16547233
S000329,MC00329,M02,2023-04-14,D014,C00162,12,16439817
S000330,MC00330,M01,2024-02-10,D005,C01727,12,14532418
S000331,MC00331,M05,2024-02-04,D016,C00580,12,36310806
S000332,MC00332,M06,2023-09-28,D010,C00241,12,44266062
S000333,MC00333,M05,2023-08-15,D040,C00167,12,36172046
S000334,MC00334,M06,2024-08-28,D022,C00472,12,41593969
S000335,MC00335,M04,2023-12-02,D006,C01352,24,19660433
S000336,MC00336,M04,2024-08-13,D003,C00192,12,20823505
S000337,MC00337,M04,2024-12-04,D035,C02006,12,19771202
S000338,MC00338,M03,2023-08-20,D038,C01511,12,16466709
S000339,MC00339,M03,2023-05-28,D031,C00744,12,16774509
S000340,MC00340,M01,2024-11-26,D005,C02467,12,14696215
S000341,MC00341,M04,2024-04-08,D004,C01647,12,21468427
S000342,MC00342,M02,2023-08-01,D008,C01680,24,19526279
S000343,MC00343,M01,2024-03-29,D031,C00435,12,13259313
S000344,MC00344,M03,2024-01-11,D031,C01777,12,15540854
S000345,MC00345,M02,2024-10-23,D034,C01398,12,19025776
S000346,MC00346,M01,2023-07-06,D004,C02462,12,13186957
S000347,MC00347,M05,2024-12-24,D007,C01195,12,35565290
S000348,MC00348,M05,2024-11-14,D037,C01696,12,32771496
S000349,MC00349,M01,2023-05-12,D038,C00853,24,12785882
S000350,MC00350,M01,2023-05-01,D030,C00101,12,14014682
S000351,MC00351,M02,2024-01-25,D005,C00320,12,19484226
S000352,MC00352,M04,2023-02-02,D003,C02168,12,19758073
S000353,MC00353,M05,2023-08-07,D003,C01846,12,36408290
S000354,MC00354,M01,2023-11-14,D028,C00912,24,13068484
S000355,MC00355,M04,2024-12-08,D034,C01745,12,21020797
S000356,MC00356,M01,2024-12-25,D026,C00011,12,14647725
S000357,MC00357,M02,2023-04-21,D011,C00093,12,19396311
S000358,MC00358,M06,2024-10-12,D031,C01269,24,44005597
S000359,MC00359,M01,2023-03-08,D003,C01563,12,15046120
S000360,MC00360,M01,2024-06-30,D034,C02343,12,12929858
S000361,MC00361,M02,2024-09-09,D036,C01900,24,17405679
S000362,MC00362,M03,2024-10-12,D029,C00644,12,15306763
S000363,MC00363,M06,2023-06-13,D036,C02038,12,41358657
S000364,MC00364,M06,2024-10-14,D024,C01229,12,36066532
S000365,MC00365,M01,2023-03-26,D019,C02066,12,13331983
S000366,MC00366,M01,2024-01-14,D013,C00435,12,13058898
S000367,MC00367,M04,2023-12-09,D037,C00066,24,21987537
S000368,MC00368,M02,2023-08-19,D028,C00145,12,18891186
S000369,MC00369,M05,2023-01-17,D008,C02478,12,33738537
S000370,MC00370,M04,2024-07-17,D039,C00202,24,21743351
S000371,MC00371,M01,2023-09-02,D003,C02349,12,14085843
S000372,MC00372,M05,2024-04-28,D024,C01818,24,33386054
S000373,MC00373,M01,2023-10-27,D008,C00366,12,13100650
S000374,MC00374,M02,2023-09-30,D027,C02161,24,16029847
S000375,MC00375,M03,2024-10-08,D017,C00361,12,14952966
S000376,MC00376,M03,2023-03-10,D018,C00359,12,15287229
S000377,MC00377,M04,2024-06-21,D027,C01439,12,21093449
S000378,MC00378,M04,2024-06-29,D031,C00721,12,19808818
S000379,MC00379,M06,2023-10-05,D016,C00728,24,40706101
S000380,MC00380,M06,2023-07-11,D040,C00488,12,38912167
S000381,MC00381,M03,2023-01-04,D020,C01520,12,16164269
S000382,MC00382,M01,2024-11-14,D007,C00068,12,13844829
S000383,MC00383,M04,2024-11-22,D001,C00613,12,21506980
S000384,MC00384,M06,2023-06-25,D009,C01384,12,42031150
S000385,MC00385,M02,2023-01-24,D028,C01217,12,16789409
S000386,MC00386,M03,2023-03-31,D022,C01750,12,15404844
S000387,MC00387,M02,2023-02-19,D014,C00541,24,18047890
S000388,MC00388,M01,2024-08-29,D020,C01620,12,13173331
S000389,MC00389,M04,2024-10-13,D034,C01900,12,21094476
S000390,MC00390,M02,2023-04-22,D023,C00971,12,20082351
S000391,MC00391,M04,2024-06-29,D003,C00643,12,22023241
S000392,MC00392,M05,2023-05-11,D002,C01388,12,32926213
S000393,MC00393,M05,2023-09-26,D020,C01448,12,36424646
S000394,MC00394,M02,2024-03-13,D017,C00236,12,19210736
S000395,MC00395,M02,2024-06-09,D035,C01413,12,17605265
S000396,MC00396,M04,2024-09-30,D024,C00386,12,22069571
S000397,MC00397,M05,2023-02-02,D031,C01423,12,34663209
S000398,MC00398,M03,2023-05-24,D024,C02330,12,14646445
S000399,MC00399,M05,2023-07-24,D014,C01343,12,35955926
S000400,MC00400,M01,2023-08-15,D027,C01904,12,13675739
S000401,MC00401,M05,2024-12-29,D025,C00775,12,34521877
S000402,MC00402,M01,2024-07-21,D029,C02307,12,13469663
S000403,MC00403,M01,2023-08-22,D008,C02032,12,12917541
S000404,MC00404,M03,2024-12-10,D026,C02292,12,16585725
S000405,MC00405,M01,2023-12-31,D012,C01854,12,13464805
S000406,MC00406,M01,2024-01-01,D032,C01624,24,13634824
S000407,MC00407,M01,2023-11-13,D032,C01313,12,13789285
S000408,MC00408,M02,2023-04-16,D025,C02321,12,17218410
S000409,MC00409,M04,2024-11-13,D038,C02121,12,19873203
S000410,MC00410,M01,2023-01-11,D022,C01042,12,11709945
S000411,MC00411,M04,2023-05-08,D002,C00215,12,21711575
S000412,MC00412,M05,2023-06-17,D025,C00010,24,32454359
S000413,MC00413,M01,2023-07-23,D032,C00584,12,13607381
S000414,MC00414,M01,2023-04-07,D005,C00157,12,13800500
S000415,MC00415,M05,2023-01-14,D005,C00529,12,36264941
S000416,MC00416,M05,2024-05-09,D011,C00274,12,32471564
S000417,MC00417,M03,2024-12-08,D034,C02453,12,15937445
S000418,MC00418,M05,2023-03-30,D022,C00239,12,38507589
S000419,MC00419,M01,2023-08-05,D040,C01568,12,14888595
S000420,MC00420,M02,2024-01-05,D035,C00880,24,19595929
S000421,MC00421,M04,2024-11-08,D023,C00436,12,21425241
S000422,MC00422,M01,2024-05-21,D028,C01754,24,12685864
S000423,MC00423,M04,2024-07-13,D014,C02427,12,21905463
S000424,MC00424,M03,2024-02-29,D004,C01977,12,15848300
S000425,MC00425,M04,2023-11-01,D016,C02439,12,21706266
S000426,MC00426,M03,2023-05-26,D024,C01476,12,15392470
S000427,MC00427,M02,2024-09-22,D008,C01684,24,18308044
S000428,MC00428,M01,2024-08-10,D009,C00367,12,13632959
S000429,MC00429,M01,2023-01-19,D001,C02132,24,13699485
S000430,MC00430,M04,2024-06-06,D030,C01870,12,21622091
S000431,MC00431,M01,2023-03-03,D036,C00636,12,13030852
S000432,MC00432,M01,2024-06-23,D034,C00888,12,12411940
S000433,MC00433,M01,2024-08-25,D016,C01528,12,14816076
S000434,MC00434,M01,2023-04-06,D024,C00033,24,15516296
S000435,MC00435,M05,2023-11-13,D039,C02045,24,35939583
S000436,MC00436,M02,2023-04-01,D024,C00702,12,17030369
S000437,MC00437,M06,2024-02-19,D012,C00188,12,40051548
S000438,MC00438,M01,2024-11-08,D014,C00827,12,13912385
S000439,MC00439,M04,2023-03-01,D030,C02090,12,22689806
S000440,MC00440,M03,2023-10-18,D018,C00686,12,14835625
S000441,MC00441,M02,2024-12-11,D034,C01348,12,18361991
S000442,MC00442,M05,2023-08-08,D035,C02030,12,35411457
S000443,MC00443,M06,2023-04-07,D002,C00085,24,44178738
S000444,MC00444,M05,2023-12-23,D029,C01900,12,34278438
S000445,MC00445,M01,2024-01-07,D015,C00722,12,12233310
S000446,MC00446,M01,2024-04-28,D021,C01739,12,14003170
S000447,MC00447,M04,2023-08-18,D011,C00471,24,22417243
S000448,MC00448,M02,2024-11-28,D015,C00348,12,18408323
S000449,MC00449,M04,2024-01-16,D014,C01971,12,21510603
S000450,MC00450,M03,2023-07-29,D003,C02020,12,15544488
S000451,MC00451,M03,2024-12-02,D032,C02454,24,15188058
S000452,MC00452,M05,2024-11-06,D006,C01693,12,37155494
S000453,MC00453,M04,2023-12-31,D016,C01165,12,21488245
S000454,MC00454,M01,2023-01-19,D008,C00488,12,13897199
S000455,MC00455,M01,2024-03-11,D007,C00739,12,14716713
S000456,MC00456,M03,2024-02-10,D015,C01621,12,14987351
S000457,MC00457,M03,2023-04-19,D037,C00866,12,15470055
S000458,MC00458,M02,2024-04-07,D038,C01209,12,18675306
S000459,MC00459,M02,2024-09-05,D016,C00421,12,17873612
S000460,MC00460,M04,2023-03-19,D021,C01099,12,21986752
S000461,MC00461,M05,2024-06-12,D040,C00595,12,34606462
S000462,MC00462,M03,2023-04-13,D010,C00281,12,15047169
S000463,MC00463,M02,2024-06-30,D038,C00330,12,18573007
S000464,MC00464,M02,2023-11-02,D005,C01296,12,18689076
S000465,MC00465,M03,2023-01-05,D010,C00917,12,16897295
S000466,MC00466,M02,2024-12-06,D014,C00250,12,18936386
S000467,MC00467,M03,2023-05-02,D002,C01286,12,16442701
S000468,MC00468,M04,2024-03-11,D033,C00411,24,21403568
S000469,MC00469,M01,2023-05-13,D035,C00039,12,13347540
S000470,MC00470,M01,2024-11-12,D016,C00332,12,12919863
S000471,MC00471,M01,2024-06-22,D034,C01122,12,13733959
S000472,MC00472,M05,2024-08-10,D031,C02386,12,34300438
S000473,MC00473,M04,2023-11-12,D033,C00605,12,23129177
S000474,MC00474,M01,2023-12-08,D033,C00713,12,14587168
S000475,MC00475,M05,2024-04-08,D023,C00607,24,36328962
S000476,MC00476,M03,2024-07-26,D005,C00889,12,16363328
S000477,MC00477,M03,2024-09-10,D037,C01794,12,15915559
S000478,MC00478,M06,2023-01-14,D025,C00806,12,38821968
S000479,MC00479,M01,2024-04-29,D037,C01644,12,13324900
S000480,MC00480,M01,2023-03-21,D039,C02246,24,13582134
S000481,MC00481,M03,2023-07-30,D008,C02366,12,16220278
S000482,MC00482,M01,2024-08-28,D017,C01408,12,13880324
S000483,MC00483,M04,2023-07-02,D008,C01784,12,22160876
S000484,MC00484,M01,2024-08-04,D003,C02298,12,12939355
S000485,MC00485,M01,2023-12-04,D039,C01967,12,12946709
S000486,MC00486,M01,2023-06-19,D037,C00750,12,14675194
S000487,MC00487,M02,2023-09-01,D038,C00331,24,19355790
S000488,MC00488,M01,2024-01-23,D036,C00288,12,13183476
S000489,MC00489,M01,2024-07-12,D026,C02206,12,13413159
S000490,MC00490,M05,2024-03-18,D021,C01391,12,34784301
S000491,MC00491,M02,2024-11-12,D040,C00741,24,18535047
S000492,MC00492,M02,2024-09-25,D023,C00864,12,19024678
S000493,MC00493,M01,2024-07-03,D026,C00705,12,15553344
S000494,MC00494,M02,2024-03-16,D009,C02005,12,18710630
S000495,MC00495,M02,2023-07-31,D030,C01532,12,19235484
S000496,MC00496,M03,2023-10-29,D033,C02199,24,14380982
S000497,MC00497,M01,2023-03-28,D028,C00755,12,13107231
S000498,MC00498,M05,2023-10-01,D020,C01182,12,37580512
S000499,MC00499,M06,2024-11-07,D008,C00305,24,43013835
S000500,MC00500,M01,2023-11-07,D002,C02429,12,9944817
S000501,MC00501,M01,2023-03-25,D026,C01280,12,14045959
S000502,MC00502,M01,2024-04-20,D028,C01383,12,15053713
S000503,MC00503,M03,2024-12-03,D031,C01035,12,14083929
S000504,MC00504,M01,2024-09-25,D039,C00678,24,14730704
S000505,MC00505,M05,2023-07-20,D020,C02372,12,29178893
S000506,MC00506,M04,2023-11-28,D034,C01223,12,22181879
S000507,MC00507,M05,2024-01-23,D029,C01687,12,34981838
S000508,MC00508,M03,2023-06-30,D012,C00094,24,13744028
S000509,MC00509,M06,2023-07-16,D034,C00690,12,43124267
S000510,MC00510,M01,2023-06-22,D003,C02011,24,14432180
S000511,MC00511,M02,2024-12-27,D024,C00220,24,18903915
S000512,MC00512,M02,2024-06-28,D038,C00254,12,19149159
S000513,MC00513,M06,2024-09-05,D027,C02025,24,40962576
S000514,MC00514,M03,2024-08-19,D038,C00772,12,14213066
S000515,MC00515,M05,2024-12-01,D003,C00685,12,36452914
S000516,MC00516,M01,2023-03-18,D022,C01414,12,14917301
S000517,MC00517,M06,2024-10-05,D032,C00488,24,44846544
S000518,MC00518,M03,2023-02-18,D026,C00108,12,14091639
S000519,MC00519,M03,2023-12-14,D036,C00012,12,14545701
S000520,MC00520,M06,2024-03-09,D019,C00199,24,39868161
S000521,MC00521,M02,2023-09-19,D028,C00397,12,16731797
S000522,MC00522,M02,2023-04-17,D017,C01741,24,18549051
S000523,MC00523,M03,2023-05-21,D035,C00745,24,16377679
S000524,MC00524,M01,2024-08-25,D005,C00180,12,12341495
S000525,MC00525,M02,2023-08-21,D011,C00037,12,19362613
S000526,MC00526,M01,2023-08-15,D004,C01193,12,13986894
S000527,MC00527,M01,2024-11-05,D029,C02101,24,13055991
S000528,MC00528,M05,2023-04-16,D010,C00847,12,34637704
S000529,MC00529,M03,2024-10-30,D013,C00160,12,14128191
S000530,MC00530,M02,2024-11-03,D034,C00571,12,18131189
S000531,MC00531,M02,2024-03-12,D015,C01249,12,18508197
S000532,MC00532,M02,2023-05-01,D006,C00472,12,18687310
S000533,MC00533,M03,2023-04-24,D001,C02447,12,16363722
S000534,MC00534,M06,2023-07-27,D010,C01909,24,42615489
S000535,MC00535,M06,2024-02-26,D037,C00862,12,41333854
S000536,MC00536,M02,2023-04-23,D022,C02379,24,18817676
S000537,MC00537,M02,2023-11-29,D040,C00813,12,19612256
S000538,MC00538,M03,2023-03-26,D009,C00351,24,15908322
S000539,MC00539,M03,2024-01-30,D015,C02346,12,16304891
S000540,MC00540,M03,2023-01-16,D007,C02400,12,15821276
S000541,MC00541,M04,2024-06-01,D016,C00782,12,20185084
S000542,MC00542,M03,2023-02-10,D023,C01487,12,16501964
S000543,MC00543,M02,2023-05-23,D033,C00434,12,17883699
S000544,MC00544,M02,2023-05-08,D015,C01605,24,18928623
S000545,MC00545,M02,2024-08-29,D031,C01726,12,18531363
S000546,MC00546,M01,2023-02-08,D026,C01775,12,13253813
S000547,MC00547,M01,2023-11-10,D012,C01422,12,13234204
S000548,MC00548,M04,2024-03-07,D037,C01761,12,20359768
S000549,MC00549,M02,2024-01-12,D018,C01388,12,16673161
S000550,MC00550,M01,2024-05-11,D007,C02050,12,13810145
S000551,MC00551,M03,2024-08-09,D039,C00449,12,16222285
S000552,MC00552,M04,2023-10-15,D037,C01209,24,22070585
S000553,MC00553,M01,2024-08-27,D002,C01041,12,13069520
S000554,MC00554,M05,2023-08-21,D037,C01334,12,38980306
S000555,MC00555,M06,2024-12-19,D038,C00356,12,41043065
S000556,MC00556,M03,2024-01-04,D034,C00810,12,15159895
S000557,MC00557,M04,2024-06-21,D011,C02386,12,19747957
S000558,MC00558,M01,2024-09-30,D026,C00264,24,12095523
S000559,MC00559,M06,2024-08-01,D022,C01589,12,45862222
S000560,MC00560,M02,2024-09-13,D025,C01662,12,20021885
S000561,MC00561,M06,2024-01-27,D025,C01187,12,43513878
S000562,MC00562,M03,2023-02-01,D026,C00085,12,15139755
S000563,MC00563,M01,2023-12-26,D021,C00086,24,14967127
S000564,MC00564,M01,2023-05-13,D028,C00690,12,13215107
S000565,MC00565,M04,2024-10-11,D022,C00257,12,20661027
S000566,MC00566,M03,2023-06-22,D001,C00236,24,17379769
S000567,MC00567,M01,2023-06-16,D002,C00401,12,14033718
S000568,MC00568,M04,2023-07-02,D039,C00477,24,23773390
S000569,MC00569,M05,2024-04-14,D037,C02097,12,35522317
S000570,MC00570,M03,2024-02-21,D024,C01597,24,15618850
S000571,MC00571,M03,2024-11-23,D007,C00077,12,15412667
S000572,MC00572,M01,2023-10-31,D032,C01572,12,12003933
S000573,MC00573,M04,2023-07-26,D006,C00342,12,20648969
S000574,MC00574,M02,2023-02-05,D016,C01053,12,19770499
S000575,MC00575,M05,2023-01-06,D014,C00096,12,36257552
S000576,MC00576,M02,2023-09-30,D001,C00226,12,18522542
S000577,MC00577,M03,2024-11-06,D033,C00332,12,15044863
S000578,MC00578,M02,2024-01-18,D021,C01084,24,18751829
S000579,MC00579,M01,2024-10-14,D013,C01158,24,14320379
S000580,MC00580,M04,2023-03-16,D021,C00882,12,21542706
S000581,MC00581,M03,2023-03-10,D001,C01551,24,16160066
S000582,MC00582,M03,2024-08-31,D018,C01802,12,15234921
S000583,MC00583,M06,2023-03-19,D021,C01822,12,44185298
S000584,MC00584,M06,2023-02-07,D014,C01448,24,34107600
S000585,MC00585,M05,2023-10-22,D034,C01364,12,35803976
S000586,MC00586,M01,2024-11-06,D010,C01229,12,15581961
S000587,MC00587,M03,2024-05-18,D006,C00595,12,14551962
S000588,MC00588,M05,2023-03-14,D022,C01218,12,34493124
S000589,MC00589,M02,2024-09-03,D036,C00026,24,18491219
S000590,MC00590,M01,2024-09-07,D016,C02416,12,13125308
S000591,MC00591,M05,2024-08-07,D002,C00926,12,37176386
S000592,MC00592,M03,2024-10-20,D039,C01891,12,16453553
S000593,MC00593,M03,2023-06-25,D018,C02392,12,16146208
S000594,MC00594,M06,2024-12-16,D007,C01243,12,44009127
S000595,MC00595,M03,2023-08-23,D025,C02155,24,16016081
S000596,MC00596,M02,2024-08-08,D013,C01199,12,22029650
S000597,MC00597,M02,2024-02-27,D038,C00331,24,18667995
S000598,MC00598,M02,2024-07-23,D012,C00067,12,18716763
S000599,MC00599,M01,2024-04-03,D023,C00340,24,12114521
S000600,MC00600,M04,2024-04-14,D022,C02357,12,20315253
S000601,MC00601,M05,2024-03-25,D010,C01188,12,37409493
S000602,MC00602,M02,2024-07-22,D020,C00798,12,17017643
S000603,MC00603,M02,2024-06-23,D005,C01116,12,16105112
S000604,MC00604,M05,2023-04-09,D026,C00640,24,35067862
S000605,MC00605,M01,2024-08-26,D031,C02177,12,14610303
S000606,MC00606,M03,2024-01-27,D039,C02499,24,16040686
S000607,MC00607,M03,2023-08-24,D014,C00213,12,15677320
S000608,MC00608,M04,2024-01-11,D012,C01797,12,18658305
S000609,MC00609,M01,2024-12-06,D022,C00840,12,13866326
S000610,MC00610,M04,2024-09-18,D028,C00119,12,21833207
S000611,MC00611,M02,2024-08-31,D040,C02306,12,16522277
S000612,MC00612,M03,2023-12-04,D002,C00155,12,17089151
S000613,MC00613,M01,2024-07-26,D010,C00515,24,14120213
S000614,MC00614,M03,2023-10-09,D011,C00064,12,17087023
S000615,MC00615,M03,2024-05-15,D011,C01179,12,16560184
S000616,MC00616,M01,2024-04-11,D019,C01500,12,14029483
S000617,MC00617,M01,2023-07-02,D035,C00802,12,13921784
S000618,MC00618,M01,2023-07-14,D002,C00179,12,14203463
S000619,MC00619,M02,2023-02-14,D033,C00291,12,16481179
S000620,MC00620,M01,2023-04-13,D025,C02334,12,12284142
S000621,MC00621,M06,2023-11-13,D025,C02015,12,40145260
S000622,MC00622,M02,2023-12-15,D028,C02343,12,18355900
S000623,MC00623,M05,2023-05-01,D005,C01328,12,35815088
S000624,MC00624,M06,2023-11-01,D030,C01366,12,42818198
S000625,MC00625,M01,2024-03-17,D010,C01965,12,14404856
S000626,MC00626,M04,2023-06-19,D021,C01542,12,22447104
S000627,MC00627,M05,2023-09-04,D028,C01092,12,33167991
S000628,MC00628,M03,2023-09-26,D025,C00730,24,16229033
S000629,MC00629,M02,2024-01-04,D013,C01214,12,17558907
S000630,MC00630,M02,2023-09-25,D016,C00160,12,18291046
S000631,MC00631,M01,2024-06-21,D020,C00482,12,13760651
S000632,MC00632,M03,2023-08-28,D002,C01844,12,12727636
S000633,MC00633,M06,2023-11-13,D030,C02171,12,48076335
S000634,MC00634,M06,2023-10-05,D004,C00255,24,43427350
S000635,MC00635,M01,2023-05-14,D019,C00243,24,13017480
S000636,MC00636,M04,2024-05-15,D027,C00214,12,23428486
S000637,MC00637,M02,2023-06-21,D004,C01979,12,18114351
S000638,MC00638,M05,2024-08-01,D040,C00779,12,35278291
S000639,MC00639,M01,2024-11-23,D016,C00817,12,13105436
S000640,MC00640,M06,2024-05-04,D001,C00032,12,46163019
S000641,MC00641,M05,2024-10-30,D027,C02432,12,34779532
S000642,MC00642,M01,2024-09-15,D023,C01086,12,13621082
S000643,MC00643,M01,2023-12-18,D026,C01994,12,14475064
S000644,MC00644,M05,2024-07-16,D031,C01770,12,36228793
S000645,MC00645,M01,2023-08-28,D020,C00355,12,13455978
S000646,MC00646,M03,2023-12-03,D034,C02004,12,17065975
S000647,MC00647,M05,2024-01-26,D015,C01376,12,40330815
S000648,MC00648,M03,2024-12-02,D022,C01511,12,16304714
S000649,MC00649,M02,2024-09-11,D007,C00501,12,18629604
S000650,MC00650,M03,2023-12-24,D025,C02118,12,16163802
S000651,MC00651,M01,2024-04-21,D011,C02330,12,14561448
S000652,MC00652,M06,2023-05-28,D028,C01017,12,40490022
S000653,MC00653,M02,2024-08-10,D033,C00232,12,18191068
S000654,MC00654,M01,2024-02-08,D035,C02122,12,12254671
S000655,MC00655,M02,2024-01-24,D038,C02219,12,17185907
S000656,MC00656,M06,2024-07-13,D005,C01267,24,40695144
S000657,MC00657,M01,2024-04-07,D006,C01448,12,13454691
S000658,MC00658,M05,2023-02-22,D038,C00558,24,38715075
S000659,MC00659,M04,2023-07-30,D016,C00169,12,21675351
S000660,MC00660,M05,2023-05-10,D002,C02361,12,33084635
S000661,MC00661,M06,2024-06-20,D012,C01208,12,40165489
S000662,MC00662,M05,2023-01-26,D034,C00688,12,37886972
S000663,MC00663,M06,2023-05-28,D015,C01734,12,44839058
S000664,MC00664,M01,2024-03-12,D004,C00066,12,13522801
S000665,MC00665,M04,2024-05-22,D029,C00200,12,20442417
S000666,MC00666,M03,2024-01-03,D008,C00607,12,17079936
S000667,MC00667,M03,2024-09-20,D015,C01127,12,15046406
S000668,MC00668,M05,2024-11-01,D001,C00917,12,35823264
S000669,MC00669,M06,2023-04-07,D025,C00469,12,47727101
S000670,MC00670,M04,2024-11-26,D018,C00879,12,21258748
S000671,MC00671,M03,2024-03-24,D035,C00835,12,15255415
S000672,MC00672,M03,2024-04-09,D014,C01312,12,16393954
S000673,MC00673,M02,2023-03-11,D009,C01407,12,17978290
S000674,MC00674,M02,2024-03-29,D007,C02208,12,16952531
S000675,MC00675,M02,2024-06-13,D009,C02017,12,19278150
S000676,MC00676,M01,2024-02-28,D019,C00731,12,14405446
S000677,MC00677,M01,2023-03-03,D004,C02257,12,13248166
S000678,MC00678,M04,2024-01-17,D017,C01302,12,20524683
S000679,MC00679,M03,2024-11-14,D035,C00470,12,15076897
S000680,MC00680,M06,2024-06-12,D031,C00851,12,41622162
S000681,MC00681,M03,2023-04-11,D026,C01855,24,15460126
S000682,MC00682,M01,2024-12-01,D036,C02055,24,12681064
S000683,MC00683,M01,2024-11-30,D032,C00936,12,15032657
S000684,MC00684,M01,2023-05-04,D027,C00395,12,13877859
S000685,MC00685,M06,2024-08-07,D035,C00480,12,43442436
S000686,MC00686,M01,2023-10-24,D005,C00259,24,14215554
S000687,MC00687,M03,2024-03-09,D033,C01747,12,16740195
S000688,MC00688,M06,2023-11-21,D012,C01258,12,40958963
S000689,MC00689,M06,2024-07-25,D030,C01128,12,42686833
S000690,MC00690,M01,2024-12-28,D037,C01680,12,13282085
S000691,MC00691,M01,2024-08-03,D020,C02072,12,13855156
S000692,MC00692,M01,2024-11-10,D004,C01989,24,13776770
S000693,MC00693,M01,2024-11-21,D015,C00343,24,13190045
S000694,MC00694,M01,2023-03-07,D017,C01475,12,12423268
S000695,MC00695,M03,2023-07-04,D038,C02207,12,16140388
S000696,MC00696,M05,2024-06-10,D038,C01935,12,34571034
S000697,MC00697,M03,2024-03-06,D023,C00824,12,14185243
S000698,MC00698,M03,2023-02-06,D039,C00982,12,16487355
S000699,MC00699,M01,2023-03-11,D018,C02226,12,14281927
S000700,MC00700,M05,2024-01-15,D017,C00083,24,40309549
S000701,MC00701,M03,2024-03-25,D034,C01314,24,15624450
S000702,MC00702,M05,2023-05-03,D027,C00291,12,33868705
S000703,MC00703,M06,2023-05-06,D021,C02237,12,39204259
S000704,MC00704,M02,2023-04-05,D019,C00097,12,18731593
S000705,MC00705,M01,2024-02-17,D029,C00059,12,13663878
S000706,MC00706,M01,2023-01-06,D031,C00823,12,12842850
S000707,MC00707,M02,2024-02-22,D020,C00501,12,18305828
S000708,MC00708,M06,2023-12-14,D002,C01239,12,37013763
S000709,MC00709,M02,2023-12-07,D005,C00749,24,19528278
S000710,MC00710,M04,2024-05-10,D006,C00891,12,20028944
S000711,MC00711,M03,2024-01-17,D019,C01413,12,15966730
S000712,MC00712,M01,2024-06-15,D025,C01402,12,12344378
S000713,MC00713,M02,2024-07-11,D033,C02338,24,17853588
S000714,MC00714,M04,2024-11-02,D010,C01202,12,20647715
S000715,MC00715,M04,2024-08-06,D032,C01411,12,20985774
S000716,MC00716,M02,2024-01-13,D027,C01695,12,19032503
S000717,MC00717,M01,2023-12-26,D003,C00436,12,14665651
S000718,MC00718,M04,2023-06-22,D015,C01668,24,21923216
S000719,MC00719,M01,2024-03-13,D013,C02155,12,14279353
S000720,MC00720,M06,2023-04-12,D036,C00796,24,45644182
S000721,MC00721,M01,2024-11-10,D037,C00446,12,13961463
S000722,MC00722,M01,2024-09-08,D033,C00866,12,13470267
S000723,MC00723,M03,2023-03-29,D022,C00688,12,16968747
S000724,MC00724,M03,2024-07-27,D020,C01463,12,17030089
S000725,MC00725,M03,2023-03-27,D013,C02160,12,16622623
S000726,MC00726,M02,2024-06-10,D031,C01492,12,16885363
S000727,MC00727,M06,2023-03-06,D004,C00314,12,39879520
S000728,MC00728,M03,2023-12-23,D011,C00787,24,15736140
S000729,MC00729,M03,2024-04-25,D006,C01724,24,16748436
S000730,MC00730,M02,2024-06-16,D020,C00826,12,18476305
S000731,MC00731,M01,2023-11-02,D012,C01466,12,14420864
S000732,MC00732,M03,2024-11-03,D008,C01736,12,17262627
S000733,MC00733,M01,2024-07-19,D016,C00823,12,14471328
S000734,MC00734,M03,2023-06-02,D035,C01619,24,17157319
S000735,MC00735,M01,2024-05-04,D023,C00996,12,12660035
S000736,MC00736,M06,2024-06-17,D033,C00338,12,43216241
S000737,MC00737,M03,2023-09-01,D037,C00931,12,15416772
S000738,MC00738,M05,2024-06-22,D037,C01103,12,31536961
S000739,MC00739,M03,2024-10-17,D015,C00006,12,15724028
S000740,MC00740,M01,2024-08-19,D036,C02232,12,14573037
S000741,MC00741,M05,2024-07-10,D037,C01320,24,35967558
S000742,MC00742,M04,2024-04-08,D039,C00091,24,23542440
S000743,MC00743,M04,2023-07-17,D015,C02170,12,21223310
S000744,MC00744,M02,2024-08-03,D010,C02138,12,21217061
S000745,MC00745,M03,2023-09-23,D024,C00031,12,16170420
S000746,MC00746,M05,2024-01-24,D038,C00408,12,35047209
S000747,MC00747,M03,2023-08-18,D037,C00910,12,14771786
S000748,MC00748,M02,2023-08-17,D023,C01269,24,19732725
S000749,MC00749,M04,2023-04-26,D006,C01815,12,20367322
S000750,MC00750,M04,2024-12-02,D017,C01061,12,20184720
S000751,MC00751,M06,2023-04-18,D029,C01530,12,45228701
S000752,MC00752,M02,2023-03-04,D023,C00026,12,19785627
S000753,MC00753,M02,2024-11-14,D014,C01647,12,19756577
S000754,MC00754,M05,2024-02-10,D014,C02289,12,34239399
S000755,MC00755,M03,2023-11-16,D003,C01316,12,15951063
S000756,MC00756,M04,2024-06-22,D012,C01138,12,20924583
S000757,MC00757,M03,2023-10-07,D027,C00743,12,16751217
S000758,MC00758,M01,2023-04-04,D010,C02386,12,14758387
S000759,MC00759,M04,2024-06-16,D040,C00084,12,21463865
S000760,MC00760,M01,2023-05-09,D004,C00717,12,15099662
S000761,MC00761,M01,2024-02-08,D024,C00347,12,14226727
S000762,MC00762,M03,2024-11-23,D020,C02166,24,15774593
S000763,MC00763,M04,2024-11-14,D034,C01207,12,22044176
S000764,MC00764,M05,2023-09-21,D036,C02306,12,38582475
S000765,MC00765,M02,2024-07-23,D022,C01663,12,20718101
S000766,MC00766,M01,2024-03-23,D026,C01393,12,14461382
S000767,MC00767,M06,2023-12-16,D028,C01294,12,42064700
S000768,MC00768,M01,2023-04-13,D021,C00507,12,13324478
S000769,MC00769,M01,2023-10-02,D008,C01406,12,13966616
S000770,MC00770,M02,2024-04-20,D018,C01714,12,20358112
S000771,MC00771,M03,2024-12-21,D010,C02414,12,16416418
S000772,MC00772,M05,2023-01-04,D019,C01373,12,35954517
S000773,MC00773,M04,2024-06-07,D025,C02348,24,21064761
S000774,MC00774,M04,2024-09-09,D009,C02362,12,20586857
S000775,MC00775,M01,2024-11-25,D010,C01307,12,13368671
S000776,MC00776,M02,2023-11-06,D033,C01099,12,18650323
S000777,MC00777,M03,2023-03-28,D016,C00357,12,17649376
S000778,MC00778,M01,2023-07-17,D008,C00672,12,13305832
S000779,MC00779,M02,2024-09-12,D029,C02198,12,18558399
S000780,MC00780,M02,2024-10-02,D029,C00346,12,17539431
S000781,MC00781,M01,2024-04-10,D034,C00993,12,14080471
S000782,MC00782,M03,2023-03-31,D031,C01747,12,17312012
S000783,MC00783,M04,2023-03-31,D040,C00602,12,23046867
S000784,MC00784,M01,2023-12-16,D023,C02436,12,13664725
S000785,MC00785,M03,2024-03-05,D012,C01624,12,16551380
S000786,MC00786,M04,2023-01-24,D035,C00071,12,20806527
S000787,MC00787,M04,2024-05-15,D011,C00618,24,21665304
S000788,MC00788,M05,2024-02-02,D012,C01852,12,35659327
S000789,MC00789,M03,2023-01-09,D034,C02158,12,16055934
S000790,MC00790,M05,2023-03-11,D036,C02318,12,35289283
S000791,MC00791,M01,2023-11-28,D014,C02128,12,13866057
S000792,MC00792,M02,2024-06-11,D030,C00187,24,18173491
S000793,MC00793,M01,2024-08-25,D037,C01825,12,13303578
S000794,MC00794,M03,2023-11-11,D032,C00276,12,17639068
S000795,MC00795,M02,2023-08-04,D001,C00192,12,21508707
S000796,MC00796,M01,2024-12-07,D027,C01730,24,12524463
S000797,MC00797,M04,2023-12-01,D007,C01196,12,19413066
S000798,MC00798,M02,2023-08-19,D034,C01620,12,17437560
S000799,MC00799,M02,2023-11-19,D003,C02129,12,18385350
S000800,MC00800,M01,2023-01-09,D040,C00173,12,14225582
S000801,MC00801,M02,2023-08-09,D008,C01319,12,19156291
S000802,MC00802,M02,2024-01-12,D017,C02087,12,18690955
S000803,MC00803,M02,2024-11-01,D010,C01101,12,19087118
S000804,MC00804,M01,2024-06-22,D033,C01309,12,12939410
S000805,MC00805,M04,2024-07-24,D016,C01245,12,20692405
S000806,MC00806,M06,2024-02-02,D030,C02268,12,41949362
S000807,MC00807,M03,2023-03-22,D003,C00125,12,14479152
S000808,MC00808,M04,2023-10-13,D019,C02195,12,19536749
S000809,MC00809,M05,2024-12-28,D037,C02041,12,32644711
S000810,MC00810,M06,2023-02-02,D038,C02032,24,43925553
S000811,MC00811,M03,2024-10-03,D009,C01031,12,16235541
S000812,MC00812,M05,2024-05-14,D016,C01290,12,36283229
S000813,MC00813,M05,2023-07-27,D017,C00923,24,31136725
S000814,MC00814,M04,2024-07-21,D023,C00630,12,19130706
S000815,MC00815,M03,2024-09-02,D022,C02189,12,16636687
S000816,MC00816,M01,2023-02-01,D005,C01265,12,11249278
S000817,MC00817,M01,2023-03-19,D031,C01809,12,14491950
S000818,MC00818,M03,2024-04-30,D010,C00253,12,14249616
S000819,MC00819,M03,2024-12-30,D013,C01973,12,16809611
S000820,MC00820,M02,2023-01-18,D034,C01648,12,17513671
S000821,MC00821,M03,2024-04-30,D028,C02495,24,17006948
S000822,MC00822,M03,2023-04-10,D016,C00335,12,19079834
S000823,MC00823,M05,2024-04-19,D037,C01351,12,30226327
S000824,MC00824,M01,2024-03-31,D016,C01278,24,14063255
S000825,MC00825,M01,2023-03-08,D023,C01346,12,12035388
S000826,MC00826,M04,2024-05-11,D010,C00136,24,21537729
S000827,MC00827,M05,2024-10-16,D008,C01183,12,34565778
S000828,MC00828,M06,2024-09-22,D020,C00749,12,42327051
S000829,MC00829,M05,2023-01-22,D023,C01544,12,33085459
S000830,MC00830,M05,2023-06-29,D033,C00581,12,36639136
S000831,MC00831,M02,2023-06-25,D016,C01088,12,16892323
S000832,MC00832,M02,2023-11-27,D036,C01551,24,19878217
S000833,MC00833,M02,2023-04-15,D025,C00161,24,18045732
S000834,MC00834,M03,2024-09-15,D003,C01967,12,14653417
S000835,MC00835,M06,2024-07-21,D030,C01790,12,46019241
S000836,MC00836,M02,2024-08-13,D023,C00144,12,18425250
S000837,MC00837,M03,2023-05-25,D016,C00162,24,17831331
S000838,MC00838,M02,2023-01-11,D019,C02126,12,19855705
S000839,MC00839,M01,2024-10-26,D013,C00709,24,12853502
S000840,MC00840,M01,2023-07-30,D025,C02152,12,13431158
S000841,MC00841,M01,2024-04-24,D023,C01249,12,13598041
S000842,MC00842,M06,2024-10-25,D018,C00856,12,45846284
S000843,MC00843,M02,2023-01-27,D012,C00684,12,18985645
S000844,MC00844,M05,2023-01-04,D016,C01648,12,35370215
S000845,MC00845,M04,2023-01-04,D020,C00275,24,20748152
S000846,MC00846,M01,2023-04-25,D019,C01007,12,13459049
S000847,MC00847,M01,2023-02-07,D013,C00865,12,14556720
S000848,MC00848,M05,2024-08-21,D024,C00386,12,35007781
S000849,MC00849,M02,2024-03-18,D010,C00883,12,18061553
S000850,MC00850,M05,2024-12-16,D021,C01322,12,33814535
S000851,MC00851,M01,2024-08-08,D005,C01694,24,13051450
S000852,MC00852,M04,2024-12-04,D019,C00216,24,19233359
S000853,MC00853,M05,2023-06-24,D032,C02181,12,33424212
S000854,MC00854,M01,2023-07-30,D033,C02197,12,14713720
S000855,MC00855,M02,2024-09-12,D028,C01730,12,18270675
S000856,MC00856,M06,2023-06-28,D030,C02311,24,43775117
S000857,MC00857,M02,2023-02-11,D003,C01070,12,15748580
S000858,MC00858,M02,2024-05-03,D014,C02055,12,19130826
S000859,MC00859,M02,2024-08-07,D027,C01819,24,18320898
S000860,MC00860,M01,2024-12-07,D033,C01407,24,13110034
S000861,MC00861,M04,2024-11-08,D024,C00449,12,21228010
S000862,MC00862,M04,2023-03-29,D035,C01394,12,20375260
S000863,MC00863,M02,2024-07-17,D011,C02254,12,16142499
S000864,MC00864,M05,2024-09-09,D007,C02462,12,36936721
S000865,MC00865,M01,2024-05-24,D004,C01121,12,13696844
S000866,MC00866,M01,2024-08-21,D024,C00620,12,13245707
S000867,MC00867,M03,2024-09-03,D027,C01869,12,15072462
S000868,MC00868,M06,2023-11-22,D012,C00190,12,38295959
S000869,MC00869,M01,2023-01-30,D032,C00378,12,13681353
S000870,MC00870,M01,2023-11-30,D030,C01405,12,14806887
S000871,MC00871,M03,2023-05-28,D015,C02476,24,16195040
S000872,MC00872,M05,2023-03-25,D010,C00822,12,32096201
S000873,MC00873,M01,2023-04-02,D030,C01109,24,13682345
S000874,MC00874,M02,2024-05-24,D027,C00806,12,18440789
S000875,MC00875,M04,2024-01-04,D007,C01102,12,22088695
S000876,MC00876,M02,2024-01-30,D011,C00018,24,19173474
S000877,MC00877,M01,2024-06-27,D020,C01487,12,11081484
S000878,MC00878,M01,2024-02-05,D021,C01491,12,13941646
S000879,MC00879,M02,2024-04-04,D007,C00789,12,17386138
S000880,MC00880,M03,2023-03-04,D038,C00661,12,14635140
S000881,MC00881,M05,2024-09-13,D016,C01905,12,34604206
S000882,MC00882,M04,2023-11-24,D016,C00470,12,21517824
S000883,MC00883,M04,2023-04-24,D003,C00118,12,18932674
S000884,MC00884,M06,2024-08-16,D036,C00102,12,43775533
S000885,MC00885,M02,2024-06-20,D010,C02205,12,19347306
S000886,MC00886,M02,2023-02-08,D040,C00911,12,18552144
S000887,MC00887,M06,2023-05-21,D020,C00255,12,39813588
S000888,MC00888,M01,2023-01-12,D035,C02198,12,12706704
S000889,MC00889,M04,2023-07-17,D008,C00372,12,22292674
S000890,MC00890,M04,2023-03-14,D007,C00842,12,19095859
S000891,MC00891,M01,2024-06-02,D033,C00052,12,14362221
S000892,MC00892,M03,2024-01-17,D033,C01698,12,15841409
S000893,MC00893,M01,2024-12-16,D022,C01749,12,13422374
S000894,MC00894,M01,2024-07-01,D002,C01892,12,12116449
S000895,MC00895,M03,2024-03-22,D038,C00658,24,15859152
S000896,MC00896,M02,2024-01-07,D016,C00821,24,19181080
S000897,MC00897,M04,2023-02-09,D038,C02346,12,19316123
S000898,MC00898,M05,2023-02-21,D035,C02055,12,36047135
S000899,MC00899,M05,2024-03-25,D035,C00093,12,35186926
S000900,MC00900,M02,2023-01-04,D028,C01730,24,17785431
S000901,MC00901,M02,2023-01-31,D027,C02032,24,19448687
S000902,MC00902,M01,2023-06-09,D022,C01399,12,11716172
S000903,MC00903,M01,2024-10-07,D001,C01600,12,13780811
S000904,MC00904,M06,2023-12-02,D016,C00003,12,46080977
S000905,MC00905,M02,2024-06-01,D030,C00076,24,20098337
S000906,MC00906,M01,2023-10-28,D033,C00088,24,13815743
S000907,MC00907,M05,2023-05-07,D023,C00398,12,34366470
S000908,MC00908,M02,2023-09-28,D029,C02478,12,17794259
S000909,MC00909,M01,2023-03-08,D001,C01586,12,13254630
S000910,MC00910,M01,2024-07-16,D019,C01956,12,13940484
S000911,MC00911,M03,2023-05-14,D021,C00739,24,15225046
S000912,MC00912,M04,2023-10-02,D036,C02344,12,21954354
S000913,MC00913,M01,2024-12-16,D013,C00498,12,15227860
S000914,MC00914,M05,2024-03-08,D010,C02256,12,34870045
S000915,MC00915,M05,2023-12-01,D015,C00077,12,32176771
S000916,MC00916,M05,2024-02-01,D007,C00052,24,32176036
S000917,MC00917,M01,2024-07-26,D023,C00198,12,14129018
S000918,MC00918,M01,2023-07-05,D026,C01980,24,13451606
S000919,MC00919,M05,2024-04-09,D033,C00644,12,36841345
S000920,MC00920,M02,2024-09-29,D039,C01128,12,17907666
S000921,MC00921,M03,2024-02-22,D003,C01179,12,16797399
S000922,MC00922,M04,2023-11-22,D010,C01974,12,20800543
S000923,MC00923,M01,2023-04-16,D013,C00872,12,12906672
S000924,MC00924,M04,2023-07-01,D010,C00017,12,20494742
S000925,MC00925,M06,2024-11-21,D034,C00967,12,38983423
S000926,MC00926,M04,2024-01-31,D006,C00721,12,23506593
S000927,MC00927,M03,2023-08-08,D002,C01828,12,15907473
S000928,MC00928,M05,2023-11-02,D035,C01879,12,36353480
S000929,MC00929,M03,2024-02-26,D039,C00230,24,15484606
S000930,MC00930,M04,2024-01-28,D010,C01983,24,19674571
S000931,MC00931,M05,2024-05-25,D014,C00177,12,34508851
S000932,MC00932,M04,2023-07-07,D021,C01550,12,22387503
S000933,MC00933,M02,2024-04-18,D022,C00974,12,17921988
S000934,MC00934,M01,2023-11-20,D040,C00754,24,12794869
S000935,MC00935,M01,2024-11-17,D017,C01208,12,13625926
S000936,MC00936,M03,2023-04-26,D001,C00776,12,16479062
S000937,MC00937,M03,2023-04-19,D017,C01985,12,17577134
S000938,MC00938,M03,2023-12-04,D023,C02417,24,16339600
S000939,MC00939,M02,2024-01-07,D021,C02040,12,19214832
S000940,MC00940,M04,2024-05-19,D021,C01099,12,21906287
S000941,MC00941,M05,2023-10-22,D037,C01259,12,32578668
S000942,MC00942,M01,2024-10-29,D033,C01118,12,12719701
S000943,MC00943,M04,2023-12-13,D011,C01984,24,19634291
S000944,MC00944,M04,2023-04-05,D015,C01381,12,19321496
S000945,MC00945,M03,2023-03-29,D027,C01171,12,16763641
S000946,MC00946,M01,2024-12-11,D017,C01024,12,13734941
S000947,MC00947,M04,2023-04-08,D018,C00938,12,21100165
S000948,MC00948,M06,2024-11-22,D007,C01382,12,35466354
S000949,MC00949,M04,2023-07-22,D011,C01723,12,23589901
S000950,MC00950,M05,2023-03-10,D030,C01081,24,33122029
S000951,MC00951,M06,2023-08-11,D034,C02017,12,47170568
S000952,MC00952,M02,2024-03-24,D032,C02067,12,16891342
S000953,MC00953,M03,2023-11-09,D013,C01073,12,15220095
S000954,MC00954,M03,2024-07-27,D006,C02273,12,13885265
S000955,MC00955,M06,2024-03-22,D007,C00433,12,42912555
S000956,MC00956,M01,2023-10-20,D016,C02331,12,12607982
S000957,MC00957,M02,2024-04-08,D021,C00736,12,17308970
S000958,MC00958,M05,2024-12-10,D036,C01411,12,32117720
S000959,MC00959,M02,2023-10-28,D036,C00709,12,19362864
S000960,MC00960,M04,2023-04-23,D001,C01106,12,21896444
S000961,MC00961,M02,2023-10-26,D029,C00851,12,20511358
S000962,MC00962,M06,2024-09-05,D012,C01764,12,40272019
S000963,MC00963,M05,2023-06-08,D008,C00203,24,35459521
S000964,MC00964,M02,2024-11-23,D023,C02096,12,17068838
S000965,MC00965,M04,2024-03-05,D002,C02260,12,20577851
S000966,MC00966,M02,2024-03-15,D014,C01408,12,17924082
S000967,MC00967,M03,2023-08-20,D023,C01369,12,16445872
S000968,MC00968,M04,2024-11-02,D011,C01750,12,22281447
S000969,MC00969,M05,2023-01-27,D024,C00498,12,37081240
S000970,MC00970,M01,2023-08-07,D019,C01875,12,12817322
S000971,MC00971,M01,2023-11-02,D032,C00547,12,14308759
S000972,MC00972,M04,2023-12-15,D008,C01691,12,20944453
S000973,MC00973,M03,2023-12-13,D003,C00764,12,15688387
S000974,MC00974,M03,2023-04-18,D022,C01866,12,15319829
S000975,MC00975,M01,2023-06-14,D011,C01978,12,13046452
S000976,MC00976,M02,2023-03-11,D029,C00522,24,20433968
S000977,MC00977,M05,2024-02-22,D004,C01544,12,35645563
S000978,MC00978,M01,2023-09-14,D024,C01246,12,13641436
S000979,MC00979,M02,2024-02-18,D040,C00736,12,18208906
S000980,MC00980,M06,2024-03-06,D004,C01471,12,48163866
S000981,MC00981,M01,2024-05-27,D013,C02482,24,14557058
S000982,MC00982,M04,2024-02-04,D034,C00007,12,20091462
S000983,MC00983,M01,2024-04-18,D022,C02393,12,13278372
S000984,MC00984,M05,2024-03-04,D007,C02140,24,34550086
S000985,MC00985,M04,2024-04-21,D009,C01324,12,21183799
S000986,MC00986,M05,2024-03-26,D031,C01526,12,33527425
S000987,MC00987,M01,2023-08-19,D035,C00923,12,13855441
S000988,MC00988,M03,2023-06-29,D015,C00323,12,17394005
S000989,MC00989,M04,2024-07-28,D019,C01429,12,19344829
S000990,MC00990,M01,2023-09-08,D032,C02041,12,12586201
S000991,MC00991,M01,2024-02-05,D008,C00578,12,13108642
S000992,MC00992,M01,2023-05-24,D009,C01793,12,13146196
S000993,MC00993,M06,2023-11-11,D031,C01871,12,47036134
S000994,MC00994,M04,2024-01-22,D008,C01896,12,22262154
S000995,MC00995,M03,2024-04-01,D031,C00851,12,16906549
S000996,MC00996,M04,2024-01-20,D020,C00981,12,20666899
S000997,MC00997,M03,2023-09-21,D040,C01041,12,15725139
S000998,MC00998,M03,2024-12-03,D002,C02136,24,14606363
S000999,MC00999,M03,2024-01-10,D038,C02252,12,16750471
S001000,MC01000,M04,2024-08-13,D010,C01036,12,21618729
S001001,MC01001,M01,2024-06-21,D002,C02425,12,14541658
S001002,MC01002,M05,2024-02-12,D029,C01427,12,34557258
S001003,MC01003,M05,2024-10-09,D022,C00963,12,34702264
S001004,MC01004,M02,2023-04-04,D034,C00002,24,18688751
S001005,MC01005,M03,2024-11-03,D005,C01528,12,16856222
S001006,MC01006,M01,2024-09-12,D004,C01613,12,12309125
S001007,MC01007,M06,2024-01-03,D023,C02421,24,43854861
S001008,MC01008,M05,2024-06-19,D036,C01796,12,34956959
S001009,MC01009,M06,2024-01-15,D017,C00075,24,39332234
S001010,MC01010,M02,2023-07-16,D032,C01418,12,16186088
S001011,MC01011,M01,2024-08-06,D037,C01857,12,13389456
S001012,MC01012,M01,2023-06-29,D035,C01242,24,14672648
S001013,MC01013,M01,2023-08-18,D021,C01074,12,14856495
S001014,MC01014,M01,2024-01-15,D028,C02025,12,13787855
S001015,MC01015,M01,2024-09-03,D022,C01529,12,15089225
S001016,MC01016,M06,2023-10-08,D027,C01704,12,41891788
S001017,MC01017,M01,2023-12-27,D023,C01161,12,14272176
S001018,MC01018,M01,2023-01-31,D022,C00696,12,13134503
S001019,MC01019,M05,2023-03-26,D018,C01298,12,33919342
S001020,MC01020,M03,2023-02-10,D027,C02398,12,15349591
S001021,MC01021,M04,2023-02-22,D031,C01507,12,18403734
S001022,MC01022,M03,2024-09-26,D037,C01769,12,17235609
S001023,MC01023,M05,2024-09-06,D025,C00311,12,33652572
S001024,MC01024,M03,2024-08-22,D005,C02470,12,15230619
S001025,MC01025,M03,2023-02-10,D024,C00612,12,14867227
S001026,MC01026,M04,2023-02-26,D013,C02429,12,20742507
S001027,MC01027,M03,2023-07-24,D002,C01115,12,17692953
S001028,MC01028,M02,2024-02-17,D003,C02298,12,20824095
S001029,MC01029,M03,2023-09-01,D024,C02230,12,14405568
S001030,MC01030,M01,2023-12-22,D038,C01889,12,13212897
S001031,MC01031,M04,2023-05-07,D021,C02292,24,19696709
S001032,MC01032,M02,2024-06-17,D018,C01524,24,19597055
S001033,MC01033,M01,2023-08-18,D004,C02122,12,13732141
S001034,MC01034,M01,2023-02-18,D028,C00431,24,12984379
S001035,MC01035,M05,2024-06-26,D003,C00176,24,35152403
S001036,MC01036,M02,2024-10-21,D034,C01359,12,17970065
S001037,MC01037,M04,2023-01-11,D033,C02025,12,23033950
S001038,MC01038,M05,2023-11-15,D040,C01914,12,36148615
S001039,MC01039,M01,2024-08-26,D012,C01320,12,14042557
S001040,MC01040,M04,2024-05-30,D007,C01303,12,17639684
S001041,MC01041,M02,2024-09-17,D012,C01525,12,18425865
S001042,MC01042,M01,2023-10-31,D032,C02171,12,15187401
S001043,MC01043,M04,2023-09-29,D009,C02105,24,22670923
S001044,MC01044,M05,2024-06-01,D036,C00275,12,31121112
S001045,MC01045,M02,2023-04-23,D007,C01490,12,18152097
S001046,MC01046,M03,2023-06-24,D002,C00953,12,14846541
S001047,MC01047,M02,2024-03-14,D009,C01999,12,20399323
S001048,MC01048,M03,2024-05-02,D031,C01265,24,16234507
S001049,MC01049,M03,2023-03-29,D025,C02479,12,15262916
S001050,MC01050,M03,2024-01-07,D015,C01081,12,16032792
S001051,MC01051,M03,2023-09-24,D027,C01698,12,13496929
S001052,MC01052,M01,2024-01-02,D026,C00272,12,12621181
S001053,MC01053,M04,2024-11-30,D023,C02331,12,21045919
S001054,MC01054,M04,2023-02-25,D021,C00384,24,22065551
S001055,MC01055,M04,2024-12-27,D005,C00946,12,18553944
S001056,MC01056,M01,2023-11-25,D011,C02095,12,13191264
S001057,MC01057,M03,2024-07-17,D022,C02419,12,16969298
S001058,MC01058,M02,2023-11-06,D006,C01211,12,16888887
S001059,MC01059,M01,2023-08-16,D020,C01212,12,13685638
S001060,MC01060,M01,2024-07-16,D005,C00122,12,13553439
S001061,MC01061,M03,2024-05-16,D032,C02448,12,17645805
S001062,MC01062,M04,2023-04-16,D005,C00042,12,20710028
S001063,MC01063,M01,2024-05-29,D004,C00066,24,13361004
S001064,MC01064,M05,2024-07-03,D026,C01184,12,36795415
S001065,MC01065,M03,2023-10-11,D009,C00010,12,14726705
S001066,MC01066,M04,2024-11-06,D015,C00411,12,20721687
S001067,MC01067,M03,2024-04-12,D013,C01570,12,15562504
S001068,MC01068,M03,2023-09-01,D009,C01763,12,15866645
S001069,MC01069,M03,2023-01-08,D031,C00746,12,16814470
S001070,MC01070,M06,2024-05-07,D028,C01989,12,43396487
S001071,MC01071,M03,2023-06-02,D010,C01520,12,15281265
S001072,MC01072,M03,2024-07-06,D028,C00571,12,16131231
S001073,MC01073,M03,2024-01-19,D029,C01782,12,17430824
S001074,MC01074,M04,2023-12-07,D022,C01481,12,19952479
S001075,MC01075,M01,2023-04-30,D024,C02031,12,13617585
S001076,MC01076,M03,2024-06-03,D038,C00387,12,15814566
S001077,MC01077,M03,2023-05-02,D019,C00578,12,15939515
S001078,MC01078,M06,2023-11-01,D016,C00759,12,37890743
S001079,MC01079,M03,2024-09-02,D022,C00854,24,17354332
S001080,MC01080,M03,2024-11-02,D034,C02222,12,15256622
S001081,MC01081,M06,2024-12-23,D029,C01832,12,44585701
S001082,MC01082,M03,2024-11-30,D004,C01361,12,15403478
S001083,MC01083,M01,2024-02-10,D019,C01352,12,12993341
S001084,MC01084,M01,2023-05-27,D030,C02215,12,14482630
S001085,MC01085,M01,2024-09-04,D009,C01117,24,14305047
S001086,MC01086,M01,2024-08-08,D040,C00564,12,13669019
S001087,MC01087,M02,2024-04-20,D033,C00343,12,19344877
S001088,MC01088,M04,2023-04-14,D034,C00826,12,20636423
S001089,MC01089,M04,2024-01-03,D004,C01634,12,20989457
S001090,MC01090,M01,2023-11-24,D024,C01178,24,12964084
S001091,MC01091,M03,2024-09-07,D022,C01055,12,16867902
S001092,MC01092,M01,2023-10-14,D026,C01201,12,12938335
S001093,MC01093,M06,2023-08-28,D035,C02438,12,45742594
S001094,MC01094,M01,2023-02-28,D015,C02495,12,13244174
S001095,MC01095,M03,2024-09-01,D022,C00404,12,16019688
S001096,MC01096,M02,2024-07-05,D028,C00287,12,19342188
S001097,MC01097,M04,2023-01-31,D031,C00611,12,21030069
S001098,MC01098,M02,2023-11-13,D031,C02130,12,18169322
S001099,MC01099,M04,2023-12-17,D014,C01149,12,20962170
S001100,MC01100,M01,2023-12-09,D040,C02160,12,14223993
S001101,MC01101,M05,2024-11-01,D001,C01617,12,33608010
S001102,MC01102,M03,2023-04-20,D020,C01383,24,15878812
S001103,MC01103,M04,2023-08-12,D025,C00704,12,21012961
S001104,MC01104,M05,2023-05-13,D003,C00861,12,36815629
S001105,MC01105,M06,2023-06-28,D019,C00370,24,41748390
S001106,MC01106,M01,2024-10-24,D024,C01299,12,14964722
S001107,MC01107,M02,2024-11-17,D025,C00701,12,18326242
S001108,MC01108,M01,2023-02-02,D005,C00732,12,13307476
S001109,MC01109,M02,2024-04-06,D012,C00099,12,18310154
S001110,MC01110,M03,2023-06-19,D010,C01998,12,14736024
S001111,MC01111,M06,2023-05-21,D026,C02349,24,39387448
S001112,MC01112,M06,2023-08-02,D014,C01246,12,40662719
S001113,MC01113,M03,2023-05-22,D023,C01341,12,17090397
S001114,MC01114,M03,2023-12-24,D030,C02315,12,15968199
S001115,MC01115,M05,2024-12-27,D032,C01279,12,33982247
S001116,MC01116,M06,2024-03-04,D008,C01557,12,45090868
S001117,MC01117,M01,2024-06-11,D037,C01071,12,14756453
S001118,MC01118,M03,2023-12-27,D007,C01286,12,17205167
S001119,MC01119,M05,2023-01-11,D001,C01305,12,33208511
S001120,MC01120,M02,2023-03-03,D002,C01778,12,17950274
S001121,MC01121,M02,2023-07-16,D009,C01511,12,20513247
S001122,MC01122,M06,2023-06-27,D035,C01260,12,42607672
S001123,MC01123,M06,2024-09-05,D009,C00190,12,41325580
S001124,MC01124,M05,2024-09-07,D028,C02262,12,36508531
S001125,MC01125,M04,2024-09-15,D017,C02221,12,22269197
S001126,MC01126,M02,2024-04-10,D002,C00462,12,17865691
S001127,MC01127,M02,2024-02-11,D018,C00734,12,18743578
S001128,MC01128,M03,2024-04-18,D002,C02434,12,16889498
S001129,MC01129,M03,2023-10-24,D020,C00803,12,14886124
S001130,MC01130,M03,2024-05-04,D023,C02031,12,16011852
S001131,MC01131,M03,2024-08-02,D021,C01965,12,14930186
S001132,MC01132,M02,2024-07-10,D012,C02152,12,17408226
S001133,MC01133,M04,2024-03-24,D031,C00041,12,20290494
S001134,MC01134,M02,2023-02-12,D024,C01208,24,19029603
S001135,MC01135,M02,2024-06-13,D011,C01414,24,18142555
S001136,MC01136,M01,2023-09-25,D018,C02094,12,12974781
S001137,MC01137,M01,2024-06-26,D005,C00562,12,13541759
S001138,MC01138,M05,2024-01-29,D037,C00767,12,32591378
S001139,MC01139,M03,2024-10-05,D031,C00450,24,16411651
S001140,MC01140,M01,2023-09-05,D012,C01905,12,14416423
S001141,MC01141,M04,2024-11-10,D027,C02498,12,20900203
S001142,MC01142,M03,2024-09-08,D028,C00352,12,15805457
S001143,MC01143,M01,2023-08-30,D025,C00583,12,13802487
S001144,MC01144,M02,2023-12-19,D003,C00768,12,16248399
S001145,MC01145,M01,2024-01-23,D036,C02223,12,13934822
S001146,MC01146,M04,2024-07-15,D039,C01115,12,24908376
S001147,MC01147,M02,2024-05-18,D039,C00705,12,18363829
S001148,MC01148,M01,2024-09-13,D040,C00806,24,13403509
S001149,MC01149,M01,2023-09-28,D038,C01496,12,14102322
S001150,MC01150,M03,2024-01-04,D030,C00968,12,17579519
S001151,MC01151,M01,2023-11-11,D003,C00352,12,14289724
S001152,MC01152,M05,2024-10-25,D019,C02051,12,30473226
S001153,MC01153,M01,2023-08-11,D010,C01056,24,13956353
S001154,MC01154,M03,2024-03-04,D009,C00642,12,18469053
S001155,MC01155,M03,2023-03-29,D034,C01822,12,16597543
S001156,MC01156,M03,2024-09-12,D033,C01864,24,14891582
S001157,MC01157,M01,2023-10-08,D021,C00388,12,13728282
S001158,MC01158,M05,2023-09-06,D030,C00185,12,32310557
S001159,MC01159,M05,2024-03-01,D006,C00114,12,37588888
S001160,MC01160,M01,2023-12-31,D009,C01915,12,12725735
S001161,MC01161,M01,2024-09-11,D035,C01565,12,13560137
S001162,MC01162,M05,2024-01-23,D019,C01981,12,33198662
S001163,MC01163,M03,2024-01-13,D022,C01567,24,15475410
S001164,MC01164,M01,2023-03-18,D019,C01005,12,14703782
S001165,MC01165,M01,2023-01-17,D009,C01474,24,13583800
S001166,MC01166,M04,2023-10-18,D034,C01807,12,20295405
S001167,MC01167,M04,2024-12-29,D031,C00998,12,19557013
S001168,MC01168,M03,2024-10-31,D028,C02288,24,14203167
S001169,MC01169,M06,2024-04-04,D015,C02250,12,38846773
S001170,MC01170,M03,2024-04-05,D026,C02002,12,16107481
S001171,MC01171,M02,2023-10-13,D039,C02481,12,19588059
S001172,MC01172,M03,2023-05-10,D026,C00977,12,15462063
S001173,MC01173,M02,2023-01-07,D020,C00286,24,20243303
S001174,MC01174,M01,2023-09-05,D011,C01211,12,12918825
S001175,MC01175,M01,2023-08-20,D021,C01865,12,13307211
S001176,MC01176,M02,2023-05-20,D015,C01949,12,17301670
S001177,MC01177,M04,2023-07-09,D025,C00972,12,22248360
S001178,MC01178,M01,2023-01-19,D002,C00732,12,15198984
S001179,MC01179,M02,2024-03-19,D008,C01114,12,16544383
S001180,MC01180,M04,2024-11-08,D032,C02010,12,20563836
S001181,MC01181,M03,2024-05-19,D016,C00152,12,17214189
S001182,MC01182,M04,2023-11-24,D018,C00821,12,19176849
S001183,MC01183,M05,2023-11-03,D022,C00575,12,36190036
S001184,MC01184,M04,2023-08-13,D018,C02015,12,22539055
S001185,MC01185,M01,2023-04-14,D031,C01175,12,13563365
S001186,MC01186,M03,2024-03-12,D010,C00218,12,16528253
S001187,MC01187,M03,2024-02-18,D031,C00655,12,17690466
S001188,MC01188,M01,2023-01-06,D009,C00111,12,15078226
S001189,MC01189,M01,2023-10-31,D015,C01189,12,13449807
S001190,MC01190,M01,2023-07-22,D024,C02495,24,13068774
S001191,MC01191,M03,2023-05-05,D036,C01419,12,15116819
S001192,MC01192,M02,2024-05-28,D010,C02174,12,19584430
S001193,MC01193,M01,2024-01-19,D024,C01857,24,12388862
S001194,MC01194,M05,2024-04-07,D003,C02208,12,34469595
S001195,MC01195,M06,2024-06-04,D004,C00778,24,42258778
S001196,MC01196,M01,2024-12-17,D031,C02379,12,13092568
S001197,MC01197,M06,2024-08-09,D029,C00597,12,42705147
S001198,MC01198,M01,2024-03-28,D016,C01096,12,15577256
S001199,MC01199,M06,2024-10-03,D025,C01704,12,41693572
S001200,MC01200,M06,2023-12-15,D016,C00718,12,40902778
S001201,MC01201,M01,2024-12-19,D012,C00662,12,14322419
S001202,MC01202,M04,2024-07-09,D018,C00326,12,21301875
S001203,MC01203,M06,2024-04-20,D013,C00011,24,45627126
S001204,MC01204,M05,2024-10-21,D033,C01254,12,35345844
S001205,MC01205,M06,2024-01-12,D017,C02467,12,41373974
S001206,MC01206,M03,2024-06-10,D013,C00551,24,14287624
S001207,MC01207,M01,2023-07-27,D022,C01101,12,12188015
S001208,MC01208,M05,2024-12-04,D031,C02339,12,31145033
S001209,MC01209,M03,2024-03-31,D011,C01931,12,16364166
S001210,MC01210,M03,2024-07-24,D038,C00011,12,14692240
S001211,MC01211,M02,2023-12-03,D019,C01252,12,19893691
S001212,MC01212,M03,2024-09-24,D027,C00358,12,16029037
S001213,MC01213,M01,2023-02-24,D039,C00618,12,13302209
S001214,MC01214,M04,2023-03-25,D018,C00617,12,19936743
S001215,MC01215,M01,2024-01-06,D008,C01532,12,14004030
S001216,MC01216,M04,2024-06-18,D030,C00498,12,19986333
S001217,MC01217,M05,2024-08-13,D001,C00630,12,32930706
S001218,MC01218,M03,2023-11-18,D019,C00565,12,17140816
S001219,MC01219,M03,2024-04-19,D040,C00893,12,16340436
S001220,MC01220,M02,2024-02-08,D017,C01641,12,18239228
S001221,MC01221,M06,2024-12-02,D028,C01000,12,43616411
S001222,MC01222,M04,2024-04-22,D022,C00819,12,21011254
S001223,MC01223,M02,2023-11-01,D009,C01295,24,18925145
S001224,MC01224,M01,2024-12-08,D013,C01538,12,12838353
S001225,MC01225,M01,2023-03-20,D021,C00039,12,15177023
S001226,MC01226,M03,2024-12-19,D005,C02226,12,15443565
S001227,MC01227,M06,2023-04-23,D017,C02292,12,45921161
S001228,MC01228,M04,2023-07-30,D017,C01507,24,20762025
S001229,MC01229,M01,2024-08-22,D034,C01437,24,14153749
S001230,MC01230,M05,2024-06-19,D005,C01737,24,36541869
S001231,MC01231,M02,2024-12-09,D034,C01103,12,19773005
S001232,MC01232,M05,2024-07-01,D017,C00914,12,33234690
S001233,MC01233,M01,2024-04-10,D027,C00882,12,14371265
S001234,MC01234,M03,2023-09-10,D023,C00400,12,17772582
S001235,MC01235,M06,2023-01-04,D012,C02103,12,41348094
S001236,MC01236,M01,2023-04-01,D038,C00802,12,13528112
S001237,MC01237,M04,2023-08-06,D009,C00712,12,20340457
S001238,MC01238,M06,2023-01-30,D002,C02411,24,41126981
S001239,MC01239,M01,2024-01-06,D031,C01267,12,14886252
S001240,MC01240,M01,2024-07-21,D025,C01555,12,12686570
S001241,MC01241,M04,2024-12-04,D036,C00614,24,19812930
S001242,MC01242,M02,2023-12-24,D019,C00694,12,20288100
S001243,MC01243,M01,2024-09-30,D001,C01821,12,14005884
S001244,MC01244,M03,2024-12-20,D001,C01128,12,18035555
S001245,MC01245,M04,2024-09-19,D018,C00370,12,20432447
S001246,MC01246,M02,2023-12-06,D010,C02089,12,18640172
S001247,MC01247,M02,2023-08-26,D037,C01007,12,17766649
S001248,MC01248,M05,2024-12-14,D005,C01672,12,35300932
S001249,MC01249,M03,2023-06-26,D036,C00854,12,14296867
S001250,MC01250,M05,2023-10-28,D009,C01402,12,36438405
S001251,MC01251,M03,2023-02-24,D005,C01940,12,16310535
S001252,MC01252,M06,2024-08-02,D011,C02213,12,41854962
S001253,MC01253,M04,2024-04-19,D006,C00519,12,20508141
S001254,MC01254,M01,2023-03-03,D017,C01682,12,12775249
S001255,MC01255,M05,2023-06-12,D014,C02287,12,36528197
S001256,MC01256,M03,2024-02-10,D022,C01607,12,14875754
S001257,MC01257,M01,2024-01-30,D022,C00358,12,13914636
S001258,MC01258,M01,2024-08-08,D001,C00475,12,15180306
S001259,MC01259,M04,2023-07-14,D005,C00508,12,22871757
S001260,MC01260,M01,2024-11-06,D007,C00266,12,12280846
S001261,MC01261,M02,2023-11-21,D008,C01885,12,17904221
S001262,MC01262,M01,2024-08-23,D004,C02413,12,13841375
S001263,MC01263,M03,2023-06-24,D013,C01293,12,15932529
S001264,MC01264,M02,2023-01-27,D022,C01498,12,16946660
S001265,MC01265,M03,2023-02-10,D013,C01935,12,16369903
S001266,MC01266,M02,2023-09-30,D014,C01040,12,18488881
S001267,MC01267,M01,2024-11-26,D019,C01182,12,15050604
S001268,MC01268,M03,2023-02-05,D022,C01473,12,15756900
S001269,MC01269,M02,2023-09-27,D014,C00762,12,19796484
S001270,MC01270,M04,2023-03-21,D009,C00155,24,19403469
S001271,MC01271,M01,2024-11-11,D017,C01420,24,12667312
S001272,MC01272,M01,2024-05-07,D001,C02056,24,14084546
S001273,MC01273,M01,2024-07-10,D020,C00184,12,14377822
S001274,MC01274,M03,2024-06-04,D038,C00542,12,15080903
S001275,MC01275,M02,2024-04-24,D016,C00658,12,18526726
S001276,MC01276,M05,2024-07-18,D005,C02012,12,32098684
S001277,MC01277,M02,2023-01-06,D029,C01262,12,18298846
S001278,MC01278,M03,2024-09-23,D006,C01336,12,16803446
S001279,MC01279,M03,2024-06-24,D008,C01614,12,15582440
S001280,MC01280,M01,2024-06-23,D006,C00692,12,13298282
S001281,MC01281,M03,2023-10-15,D036,C01784,24,14915396
S001282,MC01282,M02,2024-08-07,D040,C00076,12,17780322
S001283,MC01283,M02,2023-10-06,D023,C00285,12,20451503
S001284,MC01284,M01,2023-02-05,D025,C02040,12,13559069
S001285,MC01285,M04,2024-10-24,D026,C01646,12,19737092
S001286,MC01286,M06,2023-06-21,D025,C00442,24,41206775
S001287,MC01287,M01,2023-03-16,D022,C01097,12,12206084
S001288,MC01288,M03,2024-03-29,D040,C00130,24,15026407
S001289,MC01289,M04,2023-06-20,D030,C01680,12,22714028
S001290,MC01290,M02,2024-09-18,D004,C01890,12,18341845
S001291,MC01291,M04,2023-11-20,D016,C00696,12,23382320
S001292,MC01292,M03,2023-01-04,D039,C00876,12,15908466
S001293,MC01293,M06,2024-11-25,D017,C00593,12,41909334
S001294,MC01294,M06,2024-01-11,D009,C00974,12,43615053
S001295,MC01295,M01,2023-07-11,D035,C00681,24,11335204
S001296,MC01296,M03,2024-05-09,D025,C00618,12,16196742
S001297,MC01297,M03,2024-01-23,D023,C01076,24,15952973
S001298,MC01298,M01,2023-01-22,D017,C02148,12,14703692
S001299,MC01299,M02,2024-07-08,D005,C01907,24,19570794
S001300,MC01300,M06,2023-10-20,D016,C00744,12,39143097
S001301,MC01301,M01,2024-05-25,D018,C02358,12,14506132
S001302,MC01302,M03,2024-10-15,D038,C00526,12,15748178
S001303,MC01303,M05,2024-03-21,D013,C02277,12,33100648
S001304,MC01304,M02,2024-05-05,D006,C00774,24,18718785
S001305,MC01305,M03,2023-07-05,D018,C01351,12,15805341
S001306,MC01306,M06,2023-06-23,D040,C00508,12,45876933
S001307,MC01307,M03,2023-10-30,D020,C01906,12,16326997
S001308,MC01308,M01,2024-09-14,D016,C00795,12,13666584
S001309,MC01309,M01,2024-01-18,D027,C02182,12,14229524
S001310,MC01310,M06,2023-09-12,D026,C00208,12,44754036
S001311,MC01311,M02,2024-07-23,D012,C01256,12,19369802
S001312,MC01312,M03,2024-09-14,D039,C00397,12,17362685
S001313,MC01313,M01,2024-10-20,D024,C02223,12,13993033
S001314,MC01314,M02,2023-08-07,D003,C01043,24,18686093
S001315,MC01315,M06,2024-06-02,D017,C01687,12,45122714
S001316,MC01316,M03,2024-03-06,D037,C02199,12,15912740
S001317,MC01317,M06,2023-11-24,D016,C01340,12,42083781
S001318,MC01318,M01,2023-10-17,D023,C00144,12,14894477
S001319,MC01319,M03,2023-03-25,D025,C00552,12,17557047
S001320,MC01320,M05,2023-07-20,D029,C00532,12,34982831
S001321,MC01321,M03,2024-02-06,D035,C02286,12,15564590
S001322,MC01322,M02,2024-10-09,D006,C02271,12,20124123
S001323,MC01323,M05,2024-09-24,D021,C01193,12,36680879
S001324,MC01324,M02,2023-05-17,D022,C02226,24,18850295
S001325,MC01325,M03,2024-05-10,D007,C00616,12,15691002
S001326,MC01326,M06,2023-03-03,D027,C01699,12,42835875
S001327,MC01327,M01,2024-05-07,D005,C00980,12,13482416
S001328,MC01328,M02,2023-09-07,D019,C00602,12,17762585
S001329,MC01329,M01,2023-11-25,D014,C00626,12,13604524
S001330,MC01330,M02,2024-06-07,D007,C01050,12,18794621
S001331,MC01331,M01,2023-11-07,D033,C00850,12,13195930
S001332,MC01332,M04,2024-08-12,D010,C00529,12,22138820
S001333,MC01333,M01,2024-01-25,D011,C00836,12,14543954
S001334,MC01334,M04,2024-12-30,D035,C00322,24,22222071
S001335,MC01335,M02,2024-04-10,D036,C02425,12,18193364
S001336,MC01336,M02,2023-08-05,D002,C00950,12,19338962
S001337,MC01337,M02,2024-07-19,D012,C00269,12,18586537
S001338,MC01338,M04,2023-10-25,D029,C01440,24,19442960
S001339,MC01339,M03,2024-01-25,D032,C02208,12,16645820
S001340,MC01340,M02,2023-04-10,D040,C00900,12,18662206
S001341,MC01341,M05,2023-03-29,D023,C02114,12,40446451
S001342,MC01342,M03,2024-02-24,D001,C01528,12,17398980
S001343,MC01343,M01,2023-05-17,D035,C01849,12,14076032
S001344,MC01344,M05,2024-12-29,D007,C00741,24,35523258
S001345,MC01345,M02,2024-09-16,D005,C00093,12,18681732
S001346,MC01346,M01,2024-05-26,D027,C00865,12,12687012
S001347,MC01347,M03,2024-06-20,D025,C02312,12,14330572
S001348,MC01348,M01,2024-03-10,D003,C01977,24,12793227
S001349,MC01349,M01,2023-02-14,D007,C01961,24,13461349
S001350,MC01350,M04,2023-10-14,D024,C02196,12,18347021
S001351,MC01351,M01,2023-12-28,D011,C00934,12,13059099
S001352,MC01352,M05,2024-10-30,D028,C00806,12,34480013
S001353,MC01353,M06,2023-06-10,D017,C02313,12,41457125
S001354,MC01354,M03,2023-12-29,D024,C01429,24,15364745
S001355,MC01355,M04,2023-09-09,D019,C00745,12,20569693
S001356,MC01356,M04,2023-04-09,D015,C00696,12,23172106
S001357,MC01357,M06,2023-03-17,D014,C02194,12,43668606
S001358,MC01358,M02,2023-09-24,D028,C00134,12,17878066
S001359,MC01359,M01,2023-03-02,D021,C00155,24,13444638
S001360,MC01360,M03,2023-02-19,D024,C01845,12,15972819
S001361,MC01361,M03,2023-09-14,D024,C00004,12,15262763
S001362,MC01362,M01,2023-05-28,D009,C00428,12,12877005
S001363,MC01363,M03,2024-02-10,D037,C02477,24,16970103
S001364,MC01364,M01,2023-01-13,D023,C01065,12,13159975
S001365,MC01365,M06,2023-08-09,D029,C01820,24,39241365
S001366,MC01366,M02,2023-11-27,D036,C01218,12,18452114
S001367,MC01367,M01,2024-12-04,D037,C00227,12,13595588
S001368,MC01368,M01,2024-04-08,D027,C00462,12,11902110
S001369,MC01369,M01,2024-10-04,D032,C01903,12,13466995
S001370,MC01370,M02,2023-09-08,D019,C00237,12,19463458
S001371,MC01371,M01,2023-11-25,D030,C01487,12,13865496
S001372,MC01372,M02,2023-11-03,D013,C00871,12,20975073
S001373,MC01373,M01,2024-10-09,D029,C00926,12,14513399
S001374,MC01374,M02,2024-12-01,D004,C02381,12,20108317
S001375,MC01375,M02,2024-12-03,D037,C01515,12,21608095
S001376,MC01376,M02,2024-07-02,D010,C01538,12,19341553
S001377,MC01377,M02,2024-01-03,D027,C00876,12,18681008
S001378,MC01378,M01,2024-01-30,D001,C00954,24,14288730
S001379,MC01379,M01,2024-12-16,D007,C01715,24,13047018
S001380,MC01380,M01,2023-07-27,D040,C00098,12,13587226
S001381,MC01381,M04,2023-09-11,D034,C00594,12,20183863
S001382,MC01382,M06,2024-10-16,D009,C01501,12,43002921
S001383,MC01383,M06,2023-10-10,D006,C01559,12,40357189
S001384,MC01384,M03,2023-06-21,D033,C00231,24,15340549
S001385,MC01385,M03,2024-02-14,D040,C01970,12,16396934
S001386,MC01386,M02,2023-08-26,D007,C01357,12,18347140
S001387,MC01387,M04,2024-10-12,D027,C00595,12,18571323
S001388,MC01388,M04,2024-10-25,D012,C01880,12,19165998
S001389,MC01389,M05,2023-08-12,D030,C02478,24,32590740
S001390,MC01390,M05,2024-01-22,D017,C01059,12,33145759
S001391,MC01391,M02,2024-12-19,D006,C00709,12,18960010
S001392,MC01392,M04,2024-06-25,D013,C00749,12,21275863
S001393,MC01393,M05,2023-06-07,D022,C01482,24,37237087
S001394,MC01394,M02,2024-03-07,D032,C00119,12,19335610
S001395,MC01395,M06,2024-03-28,D001,C01209,24,44701195
S001396,MC01396,M01,2024-04-22,D039,C00062,24,13992801
S001397,MC01397,M06,2023-01-19,D026,C00097,12,42528392
S001398,MC01398,M04,2023-08-07,D036,C01076,24,22385183
S001399,MC01399,M01,2024-09-15,D038,C01864,12,14244724
S001400,MC01400,M04,2023-06-26,D007,C02209,12,21473880
S001401,MC01401,M01,2023-08-07,D004,C00220,12,14529568
S001402,MC01402,M04,2023-08-24,D032,C00611,12,18044307
S001403,MC01403,M04,2023-05-10,D008,C01055,12,20634016
S001404,MC01404,M03,2023-04-24,D006,C01436,12,15706441
S001405,MC01405,M05,2023-09-11,D019,C02468,12,37420634
S001406,MC01406,M01,2024-09-30,D037,C01711,12,14772830
S001407,MC01407,M02,2023-01-02,D032,C01346,12,16890301
S001408,MC01408,M02,2023-07-26,D021,C00153,12,20066396
S001409,MC01409,M01,2023-02-14,D008,C00203,12,12551129
S001410,MC01410,M03,2024-02-14,D014,C00383,24,14904433
S001411,MC01411,M02,2023-07-02,D028,C01652,24,18239943
S001412,MC01412,M02,2024-08-01,D007,C00829,12,18146791
S001413,MC01413,M02,2024-03-03,D021,C00603,12,16770157
S001414,MC01414,M05,2024-07-26,D001,C01676,12,36364744
S001415,MC01415,M02,2024-04-08,D014,C02039,12,19254137
S001416,MC01416,M05,2023-11-17,D010,C01098,12,37213487
S001417,MC01417,M02,2024-09-20,D028,C02205,12,18018865
S001418,MC01418,M02,2023-12-14,D037,C01836,12,18456063
S001419,MC01419,M03,2024-11-24,D006,C01791,12,15970790
S001420,MC01420,M02,2024-12-27,D032,C02169,12,20373675
S001421,MC01421,M01,2024-03-05,D027,C00460,12,11204262
S001422,MC01422,M03,2024-05-07,D039,C01896,24,15081333
S001423,MC01423,M01,2023-07-06,D037,C02395,12,13504488
S001424,MC01424,M02,2024-08-17,D005,C02481,12,17295017
S001425,MC01425,M03,2024-05-05,D030,C01446,12,15752012
S001426,MC01426,M02,2024-10-20,D024,C01886,12,18360056
S001427,MC01427,M05,2023-07-14,D005,C02222,12,33618859
S001428,MC01428,M01,2024-07-28,D011,C02131,12,13552220
S001429,MC01429,M06,2023-12-10,D038,C02245,12,43582936
S001430,MC01430,M04,2023-05-16,D022,C02081,12,20702304
S001431,MC01431,M06,2023-05-05,D014,C00954,12,40857949
S001432,MC01432,M05,2024-02-15,D013,C01826,12,34651894
S001433,MC01433,M01,2023-08-22,D034,C01027,12,13493977
S001434,MC01434,M03,2023-03-16,D012,C02005,12,14329293
S001435,MC01435,M01,2023-11-08,D007,C02026,24,13873859
S001436,MC01436,M05,2024-04-21,D023,C02337,12,34052897
S001437,MC01437,M03,2023-08-21,D040,C01471,12,17211074
S001438,MC01438,M02,2024-11-28,D008,C01189,24,19156069
S001439,MC01439,M06,2024-07-23,D011,C00414,12,44948567
S001440,MC01440,M01,2024-01-10,D019,C01596,12,12681087
S001441,MC01441,M03,2024-11-13,D008,C01417,12,15643469
S001442,MC01442,M04,2023-11-13,D027,C01288,12,19434502
S001443,MC01443,M01,2023-04-12,D011,C01691,12,12928795
S001444,MC01444,M03,2023-01-27,D006,C02128,24,17202021
S001445,MC01445,M05,2024-11-15,D011,C00372,24,38123730
S001446,MC01446,M01,2024-12-01,D038,C01079,12,12570012
S001447,MC01447,M03,2024-06-23,D038,C01806,12,15560053
S001448,MC01448,M01,2023-03-17,D021,C02050,12,13438282
S001449,MC01449,M04,2023-08-03,D017,C01946,12,21737863
S001450,MC01450,M01,2023-01-30,D033,C01999,12,12074554
S001451,MC01451,M06,2023-02-07,D008,C02138,12,37960440
S001452,MC01452,M05,2023-06-29,D027,C02405,12,36028215
S001453,MC01453,M01,2024-02-22,D028,C01521,12,11921279
S001454,MC01454,M02,2023-02-17,D029,C00623,12,18004055
S001455,MC01455,M03,2024-12-19,D009,C01409,12,16155608
S001456,MC01456,M04,2023-11-29,D029,C01775,12,21523739
S001457,MC01457,M03,2023-07-12,D025,C00252,24,15863951
S001458,MC01458,M01,2024-01-12,D036,C01893,12,13203737
S001459,MC01459,M01,2024-07-30,D007,C01361,12,14184102
S001460,MC01460,M06,2023-08-17,D025,C02341,12,42718719
S001461,MC01461,M03,2023-02-04,D034,C00530,12,15378864
S001462,MC01462,M05,2023-02-07,D012,C02268,24,35079218
S001463,MC01463,M03,2024-09-13,D030,C01121,24,16367842
S001464,MC01464,M06,2023-03-23,D004,C01434,12,46329958
S001465,MC01465,M01,2024-04-08,D029,C01651,12,14136922
S001466,MC01466,M01,2023-10-08,D025,C01448,12,14483791
S001467,MC01467,M06,2024-07-21,D008,C02260,12,40461269
S001468,MC01468,M06,2023-02-14,D003,C00419,12,40679059
S001469,MC01469,M02,2024-10-17,D030,C01825,12,18238728
S001470,MC01470,M02,2024-05-24,D010,C02438,12,18340634
S001471,MC01471,M03,2023-11-24,D020,C00551,12,15032296
S001472,MC01472,M02,2023-06-01,D003,C00638,12,19905186
S001473,MC01473,M01,2024-12-14,D039,C01188,12,14215515
S001474,MC01474,M05,2023-08-09,D022,C01812,12,34358076
S001475,MC01475,M01,2023-12-25,D038,C02398,12,14019786
S001476,MC01476,M04,2023-10-15,D007,C01990,12,21280853
S001477,MC01477,M01,2023-06-18,D009,C01986,12,14083061
S001478,MC01478,M01,2023-11-01,D025,C01104,12,12411111
S001479,MC01479,M04,2023-04-21,D025,C01614,12,20816467
S001480,MC01480,M02,2023-01-02,D032,C00528,24,18435577
S001481,MC01481,M04,2023-07-31,D038,C01158,24,21785789
S001482,MC01482,M01,2023-03-23,D033,C00473,12,12990966
S001483,MC01483,M06,2023-10-30,D006,C00068,12,35700175
S001484,MC01484,M04,2024-09-21,D013,C02142,12,19637058
S001485,MC01485,M05,2023-04-29,D037,C02012,12,34871799
S001486,MC01486,M01,2023-01-01,D022,C01277,12,13551746
S001487,MC01487,M02,2023-03-23,D035,C00037,12,20368960
S001488,MC01488,M02,2024-01-06,D023,C00226,12,19146849
S001489,MC01489,M03,2023-07-20,D002,C00280,12,16078269
S001490,MC01490,M02,2023-12-24,D019,C01793,12,18464046
S001491,MC01491,M01,2023-01-22,D033,C00509,12,14394389
S001492,MC01492,M02,2023-09-01,D027,C00626,12,17844977
S001493,MC01493,M01,2023-10-27,D006,C02153,12,13386370
S001494,MC01494,M02,2023-11-11,D009,C02191,12,17290923
S001495,MC01495,M01,2024-02-07,D035,C01908,12,14649314
S001496,MC01496,M02,2024-07-23,D040,C00774,12,18935674
S001497,MC01497,M03,2023-12-08,D031,C01450,12,15320778
S001498,MC01498,M02,2024-09-06,D004,C00501,12,18372955
S001499,MC01499,M02,2024-01-22,D025,C02145,24,19065712
S001500,MC01500,M03,2023-07-10,D034,C00213,12,15759310
